town,percent_afford,year,exmp_status,exp_status
Ansonia,15.18,2018,Exempt,
Bloomfield,10.88,2018,Exempt,
Bridgeport,20.33,2018,Exempt,
Bristol,13.35,2018,Exempt,
Danbury,10.83,2018,Exempt,
Derby,11.51,2018,Exempt,
East Hartford,15.66,2018,Exempt,
East Windsor,14.17,2018,Exempt,
Enfield,12.41,2018,Exempt,
Groton,22.52,2018,Exempt,
Hartford,38.67,2018,Exempt,
Killingly,10.99,2018,Exempt,
Manchester,14.2,2018,Exempt,
Meriden,15.75,2018,Exempt,
Middletown,22.1,2018,Exempt,
New Britain,18.16,2018,Exempt,
New Haven,31.88,2018,Exempt,
New London,22.47,2018,Exempt,
Norwalk,12.75,2018,Exempt,
Norwich,18.73,2018,Exempt,
Plainfield,12.59,2018,Exempt,
Putnam,12.31,2018,Exempt,
Stamford,15.12,2018,Exempt,
Torrington,10.66,2018,Exempt,
Vernon,16.5,2018,Exempt,
Waterbury,20.93,2018,Exempt,
West Haven,13.21,2018,Exempt,
Winchester,11.01,2018,Exempt,
Windham,28.56,2018,Exempt,
Andover,3.42,2018,Non-Exempt,
Ashford,3.36,2018,Non-Exempt,
Avon,3.94,2018,Non-Exempt,
Barkhamsted,1.38,2018,Non-Exempt,
Beacon Falls,1.71,2018,Non-Exempt,
Berlin,9.23,2018,Non-Exempt,
Bethany,0.59,2018,Non-Exempt,
Bethel,5.85,2018,Non-Exempt,
Bethlehem,2.03,2018,Non-Exempt,
Bolton,1.29,2018,Non-Exempt,
Bozrah,3.02,2018,Non-Exempt,
Branford,3.21,2018,Non-Exempt,
Bridgewater,0.11,2018,Non-Exempt,
Brookfield,5.36,2018,Non-Exempt,
Brooklyn,9.61,2018,Non-Exempt,
Burlington,1.89,2018,Non-Exempt,
Canaan,5.78,2018,Non-Exempt,
Canterbury,6.51,2018,Non-Exempt,
Canton,7.01,2018,Non-Exempt,
Chaplin,3.24,2018,Non-Exempt,
Cheshire,3.68,2018,Non-Exempt,
Chester,2.03,2018,Non-Exempt,
Clinton,2.79,2018,Non-Exempt,
Colchester,8.52,2018,Non-Exempt,
Colebrook,0.97,2018,Non-Exempt,
Columbia,3.64,2018,Non-Exempt,
Cornwall,3.28,2018,Non-Exempt,
Coventry,4.84,2018,Non-Exempt,
Cromwell,6.77,2018,Non-Exempt,
Darien,3.56,2018,Non-Exempt,
Deep River,2.86,2018,Non-Exempt,
Durham,2,2018,Non-Exempt,
Eastford,1.89,2018,Non-Exempt,
East Granby,5.34,2018,Non-Exempt,
East Haddam,2.8,2018,Non-Exempt,
East Hampton,3.23,2018,Non-Exempt,
East Haven,7.96,2018,Non-Exempt,
East Lyme,5.88,2018,Non-Exempt,
Easton,0.59,2018,Non-Exempt,
Ellington,5.45,2018,Non-Exempt,
Essex,2.91,2018,Non-Exempt,
Fairfield,2.43,2018,Non-Exempt,
Farmington,7.88,2018,Non-Exempt,
Franklin,5.58,2018,Non-Exempt,
Glastonbury,5.41,2018,Non-Exempt,
Goshen,0.24,2018,Non-Exempt,
Granby,3.1,2018,Non-Exempt,
Greenwich,5.06,2018,Non-Exempt,
Griswold,6.68,2018,Non-Exempt,
Guilford,2.39,2018,Non-Exempt,
Haddam,1.4,2018,Non-Exempt,
Hamden,8.47,2018,Non-Exempt,
Hampton,1.77,2018,Non-Exempt,
Hartland,0.7,2018,Non-Exempt,
Harwinton,2.23,2018,Non-Exempt,
Hebron,2.8,2018,Non-Exempt,
Kent,2.52,2018,Non-Exempt,
Killingworth,0.96,2018,Non-Exempt,
Lebanon,3.36,2018,Non-Exempt,
Ledyard,4.13,2018,Non-Exempt,
Lisbon,2.89,2018,Non-Exempt,
Litchfield,4.7,2018,Non-Exempt,
Lyme,2.53,2018,Non-Exempt,
Madison,1.64,2018,Non-Exempt,
Mansfield,6.71,2018,Non-Exempt,
Marlborough,2.13,2018,Non-Exempt,
Middlebury,4.25,2018,Non-Exempt,
Middlefield,2.74,2018,Non-Exempt,
Milford,5.28,2018,Non-Exempt,
Monroe,1.34,2018,Non-Exempt,
Montville,4.97,2018,Non-Exempt,
Morris,2.21,2018,Non-Exempt,
Naugatuck,8.52,2018,Non-Exempt,
New Canaan,3.44,2018,Non-Exempt,
New Fairfield,1.43,2018,Non-Exempt,
New Hartford,2.77,2018,Non-Exempt,
Newington,8.58,2018,Non-Exempt,
New Milford,4.34,2018,Non-Exempt,
Newtown,2.46,2018,Non-Exempt,
Norfolk,1.65,2018,Non-Exempt,
North Branford,2.22,2018,Non-Exempt,
North Canaan,9.58,2018,Non-Exempt,
North Haven,5.34,2018,Non-Exempt,
North Stonington,1.39,2018,Non-Exempt,
Old Lyme,1.61,2018,Non-Exempt,
Old Saybrook,2.46,2018,Non-Exempt,
Orange,1.37,2018,Non-Exempt,
Oxford,1.52,2018,Non-Exempt,
Plainville,6.65,2018,Non-Exempt,
Plymouth,7.12,2018,Non-Exempt,
Pomfret,2.79,2018,Non-Exempt,
Portland,8.29,2018,Non-Exempt,
Preston,4.21,2018,Non-Exempt,
Prospect,1.5,2018,Non-Exempt,
Redding,0.37,2018,Non-Exempt,
Ridgefield,2.96,2018,Non-Exempt,
Rocky Hill,5.09,2018,Non-Exempt,
Roxbury,2.06,2018,Non-Exempt,
Salem,1.96,2018,Non-Exempt,
Salisbury,1.27,2018,Non-Exempt,
Scotland,3.24,2018,Non-Exempt,
Seymour,5.75,2018,Non-Exempt,
Sharon,2.03,2018,Non-Exempt,
Shelton,3.12,2018,Non-Exempt,
Sherman,0.38,2018,Non-Exempt,
Simsbury,4.68,2018,Non-Exempt,
Somers,5.2,2018,Non-Exempt,
Southbury,1.42,2018,Non-Exempt,
Southington,5.38,2018,Non-Exempt,
South Windsor,6.79,2018,Non-Exempt,
Sprague,5.13,2018,Non-Exempt,
Stafford,7.49,2018,Non-Exempt,
Sterling,2.32,2018,Non-Exempt,
Stonington,5.86,2018,Non-Exempt,
Stratford,6.37,2018,Non-Exempt,
Suffield,5.72,2018,Non-Exempt,
Thomaston,5.83,2018,Non-Exempt,
Thompson,5.2,2018,Non-Exempt,
Tolland,3.25,2018,Non-Exempt,
Trumbull,4.5,2018,Non-Exempt,
Union,1.29,2018,Non-Exempt,
Voluntown,3.99,2018,Non-Exempt,
Wallingford,4.16,2018,Non-Exempt,
Warren,0,2018,Non-Exempt,
Washington,2.07,2018,Non-Exempt,
Waterford,4.47,2018,Non-Exempt,
Watertown,4.67,2018,Non-Exempt,
Westbrook,5.11,2018,Non-Exempt,
West Hartford,7.46,2018,Non-Exempt,
Weston,0.19,2018,Non-Exempt,
Westport,3.37,2018,Non-Exempt,
Wethersfield,9.22,2018,Non-Exempt,
Willington,7.43,2018,Non-Exempt,
Wilton,4,2018,Non-Exempt,
Windsor,6.85,2018,Non-Exempt,
Windsor Locks,9.01,2018,Non-Exempt,
Wolcott,7.55,2018,Non-Exempt,
Woodbridge,1.24,2018,Non-Exempt,
Woodbury,1.86,2018,Non-Exempt,
Woodstock,1.59,2018,Non-Exempt,
Ansonia,14.36,2017,Exempt,
Bloomfield,10.66,2017,Exempt,
Bridgeport,20.14,2017,Exempt,
Bristol,13.96,2017,Exempt,
Brooklyn,10.54,2017,Exempt,
Danbury,10.9,2017,Exempt,
Derby,11.57,2017,Exempt,
East Hartford,15.75,2017,Exempt,
East Windsor,14.25,2017,Exempt,
Enfield,12.27,2017,Exempt,
Groton,22.5,2017,Exempt,
Hartford,38.35,2017,Exempt,
Killingly,12.29,2017,Exempt,
Manchester,14.06,2017,Exempt,
Meriden,16.06,2017,Exempt,
Middletown,21.55,2017,Exempt,
New Britain,18.46,2017,Exempt,
New Haven,31.77,2017,Exempt,
New London,23.09,2017,Exempt,
Norwalk,12.72,2017,Exempt,
Norwich,18.83,2017,Exempt,
Plainfield,12.65,2017,Exempt,
Putnam,13.17,2017,Exempt,
Stamford,16.28,2017,Exempt,
Torrington,10.82,2017,Exempt,
Vernon,16.39,2017,Exempt,
Waterbury,21.56,2017,Exempt,
West Haven,13.19,2017,Exempt,
Winchester,12.08,2017,Exempt,
Windham,29.18,2017,Exempt,
Andover,3.19,2017,Non-Exempt,
Ashford,3.42,2017,Non-Exempt,
Avon,3.88,2017,Non-Exempt,
Barkhamsted,1.45,2017,Non-Exempt,
Beacon Falls,1.59,2017,Non-Exempt,
Berlin,8.96,2017,Non-Exempt,
Bethany,0.59,2017,Non-Exempt,
Bethel,4.98,2017,Non-Exempt,
Bethlehem,1.84,2017,Non-Exempt,
Bolton,1.39,2017,Non-Exempt,
Bozrah,3.4,2017,Non-Exempt,
Branford,3.24,2017,Non-Exempt,
Bridgewater,0.34,2017,Non-Exempt,
Brookfield,5.14,2017,Non-Exempt,
Burlington,1.86,2017,Non-Exempt,
Canaan,6.8,2017,Non-Exempt,
Canterbury,7,2017,Non-Exempt,
Canton,7.12,2017,Non-Exempt,
Chaplin,3.54,2017,Non-Exempt,
Cheshire,3.56,2017,Non-Exempt,
Chester,2.08,2017,Non-Exempt,
Clinton,2.31,2017,Non-Exempt,
Colchester,8.7,2017,Non-Exempt,
Colebrook,1.11,2017,Non-Exempt,
Columbia,4.42,2017,Non-Exempt,
Cornwall,3.38,2017,Non-Exempt,
Coventry,5.04,2017,Non-Exempt,
Cromwell,6.5,2017,Non-Exempt,
Darien,3.52,2017,Non-Exempt,
Deep River,2.62,2017,Non-Exempt,
Durham,1.89,2017,Non-Exempt,
Eastford,2.02,2017,Non-Exempt,
East Granby,5.11,2017,Non-Exempt,
East Haddam,2.6,2017,Non-Exempt,
East Hampton,3.25,2017,Non-Exempt,
East Haven,7.7,2017,Non-Exempt,
East Lyme,6.11,2017,Non-Exempt,
Easton,0.63,2017,Non-Exempt,
Ellington,5.46,2017,Non-Exempt,
Essex,2.27,2017,Non-Exempt,
Fairfield,2.25,2017,Non-Exempt,
Farmington,7.78,2017,Non-Exempt,
Franklin,6.36,2017,Non-Exempt,
Glastonbury,5.37,2017,Non-Exempt,
Goshen,0.36,2017,Non-Exempt,
Granby,3.1,2017,Non-Exempt,
Greenwich,5.02,2017,Non-Exempt,
Griswold,7.58,2017,Non-Exempt,
Guilford,2.38,2017,Non-Exempt,
Haddam,1.4,2017,Non-Exempt,
Hamden,8.19,2017,Non-Exempt,
Hampton,3.28,2017,Non-Exempt,
Hartland,0.58,2017,Non-Exempt,
Harwinton,2.41,2017,Non-Exempt,
Hebron,2.78,2017,Non-Exempt,
Kent,3.84,2017,Non-Exempt,
Killingworth,1.08,2017,Non-Exempt,
Lebanon,3.65,2017,Non-Exempt,
Ledyard,4.09,2017,Non-Exempt,
Lisbon,3.29,2017,Non-Exempt,
Litchfield,4.81,2017,Non-Exempt,
Lyme,0.82,2017,Non-Exempt,
Madison,1.62,2017,Non-Exempt,
Mansfield,6.91,2017,Non-Exempt,
Marlborough,2.05,2017,Non-Exempt,
Middlebury,4.22,2017,Non-Exempt,
Middlefield,2.58,2017,Non-Exempt,
Milford,5.35,2017,Non-Exempt,
Monroe,1.16,2017,Non-Exempt,
Montville,5.1,2017,Non-Exempt,
Morris,2.21,2017,Non-Exempt,
Naugatuck,8.49,2017,Non-Exempt,
New Canaan,2.73,2017,Non-Exempt,
New Fairfield,1.39,2017,Non-Exempt,
New Hartford,2.81,2017,Non-Exempt,
Newington,8.29,2017,Non-Exempt,
New Milford,3.71,2017,Non-Exempt,
Newtown,2.32,2017,Non-Exempt,
Norfolk,3.72,2017,Non-Exempt,
North Branford,2.29,2017,Non-Exempt,
North Canaan,9.33,2017,Non-Exempt,
North Haven,5.08,2017,Non-Exempt,
North Stonington,1.52,2017,Non-Exempt,
Old Lyme,1.57,2017,Non-Exempt,
Old Saybrook,2.37,2017,Non-Exempt,
Orange,1.37,2017,Non-Exempt,
Oxford,1.5,2017,Non-Exempt,
Plainville,6.7,2017,Non-Exempt,
Plymouth,7.5,2017,Non-Exempt,
Pomfret,2.97,2017,Non-Exempt,
Portland,8.29,2017,Non-Exempt,
Preston,4.36,2017,Non-Exempt,
Prospect,1.47,2017,Non-Exempt,
Redding,0.31,2017,Non-Exempt,
Ridgefield,2.93,2017,Non-Exempt,
Rocky Hill,4.86,2017,Non-Exempt,
Roxbury,1.89,2017,Non-Exempt,
Salem,1.77,2017,Non-Exempt,
Salisbury,1.27,2017,Non-Exempt,
Scotland,3.09,2017,Non-Exempt,
Seymour,5.71,2017,Non-Exempt,
Sharon,2.03,2017,Non-Exempt,
Shelton,2.99,2017,Non-Exempt,
Sherman,0.55,2017,Non-Exempt,
Simsbury,4.64,2017,Non-Exempt,
Somers,5.23,2017,Non-Exempt,
Southbury,1.39,2017,Non-Exempt,
Southington,5.27,2017,Non-Exempt,
South Windsor,6.62,2017,Non-Exempt,
Sprague,5.77,2017,Non-Exempt,
Stafford,8.02,2017,Non-Exempt,
Sterling,2.65,2017,Non-Exempt,
Stonington,5.69,2017,Non-Exempt,
Stratford,6.21,2017,Non-Exempt,
Suffield,5.1,2017,Non-Exempt,
Thomaston,5.98,2017,Non-Exempt,
Thompson,5.78,2017,Non-Exempt,
Tolland,3.16,2017,Non-Exempt,
Trumbull,4.82,2017,Non-Exempt,
Union,1.03,2017,Non-Exempt,
Voluntown,4.35,2017,Non-Exempt,
Wallingford,4.13,2017,Non-Exempt,
Warren,0.12,2017,Non-Exempt,
Washington,2.26,2017,Non-Exempt,
Waterford,4.37,2017,Non-Exempt,
Watertown,4.55,2017,Non-Exempt,
Westbrook,5.03,2017,Non-Exempt,
West Hartford,7.54,2017,Non-Exempt,
Weston,0.11,2017,Non-Exempt,
Westport,3.57,2017,Non-Exempt,
Wethersfield,9.44,2017,Non-Exempt,
Willington,7.55,2017,Non-Exempt,
Wilton,3.97,2017,Non-Exempt,
Windsor,6.77,2017,Non-Exempt,
Windsor Locks,9.01,2017,Non-Exempt,
Wolcott,7.23,2017,Non-Exempt,
Woodbridge,1.21,2017,Non-Exempt,
Woodbury,1.88,2017,Non-Exempt,
Woodstock,2.01,2017,Non-Exempt,
Ansonia,14.22,2015,Exempt,
Bloomfield,11.19,2015,Exempt,
Bridgeport,19.89,2015,Exempt,
Bristol,14.22,2015,Exempt,
Brooklyn,11.07,2015,Exempt,
Danbury,10.29,2015,Exempt,
Derby,11.52,2015,Exempt,
East Hartford,16.33,2015,Exempt,
East Windsor,14.59,2015,Exempt,
Enfield,12.5,2015,Exempt,
Groton,22.67,2015,Exempt,
Hartford,40.23,2015,Exempt,
Killingly,13.83,2015,Exempt,
Manchester,14.48,2015,Exempt,
Mansfield,10.82,2015,Exempt,
Meriden,16.48,2015,Exempt,
Middletown,23.29,2015,Exempt,
New Britain,20.11,2015,Exempt,
New Haven,30.24,2015,Exempt,
New London,23.45,2015,Exempt,
Norwalk,12.32,2015,Exempt,
Norwich,19.17,2015,Exempt,
Plainfield,15.07,2015,Exempt,
Putnam,14.38,2015,Exempt,
Stamford,16.81,2015,Exempt,
Torrington,12.61,2015,Exempt,
Vernon,16.29,2015,Exempt,
Waterbury,23.06,2015,Exempt,
West Haven,13.05,2015,Exempt,
Winchester,12.88,2015,Exempt,
Windham,31.26,2015,Exempt,
Andover,4.18,2015,Non-Exempt,
Ashford,4.15,2015,Non-Exempt,
Avon,3.83,2015,Non-Exempt,
Barkhamsted,1.26,2015,Non-Exempt,
Beacon Falls,1.63,2015,Non-Exempt,
Berlin,8.83,2015,Non-Exempt,
Bethany,0.34,2015,Non-Exempt,
Bethel,5.06,2015,Non-Exempt,
Bethlehem,1.65,2015,Non-Exempt,
Bolton,1.24,2015,Non-Exempt,
Bozrah,3.12,2015,Non-Exempt,
Branford,3.46,2015,Non-Exempt,
Bridgewater,0.45,2015,Non-Exempt,
Brookfield,3.37,2015,Non-Exempt,
Burlington,1.95,2015,Non-Exempt,
Canaan,6.93,2015,Non-Exempt,
Canterbury,6.8,2015,Non-Exempt,
Canton,7.56,2015,Non-Exempt,
Chaplin,3.24,2015,Non-Exempt,
Cheshire,3.79,2015,Non-Exempt,
Chester,2.08,2015,Non-Exempt,
Clinton,2.36,2015,Non-Exempt,
Colchester,8.59,2015,Non-Exempt,
Colebrook,1.25,2015,Non-Exempt,
Columbia,4.51,2015,Non-Exempt,
Cornwall,3.38,2015,Non-Exempt,
Coventry,5.86,2015,Non-Exempt,
Cromwell,7.53,2015,Non-Exempt,
Darien,3.36,2015,Non-Exempt,
Deep River,2.58,2015,Non-Exempt,
Durham,1.93,2015,Non-Exempt,
East Granby,5.25,2015,Non-Exempt,
East Haddam,2.53,2015,Non-Exempt,
East Hampton,3.7,2015,Non-Exempt,
East Haven,8.14,2015,Non-Exempt,
East Lyme,6.31,2015,Non-Exempt,
Eastford,2.9,2015,Non-Exempt,
Easton,0.55,2015,Non-Exempt,
Ellington,5.73,2015,Non-Exempt,
Essex,1.53,2015,Non-Exempt,
Fairfield,2.32,2015,Non-Exempt,
Farmington,8.11,2015,Non-Exempt,
Franklin,6.23,2015,Non-Exempt,
Glastonbury,5.56,2015,Non-Exempt,
Goshen,0.54,2015,Non-Exempt,
Granby,3.26,2015,Non-Exempt,
Greenwich,5.32,2015,Non-Exempt,
Griswold,8.42,2015,Non-Exempt,
Guilford,2.43,2015,Non-Exempt,
Haddam,1.2,2015,Non-Exempt,
Hamden,7.92,2015,Non-Exempt,
Hampton,4.67,2015,Non-Exempt,
Hartland,1.05,2015,Non-Exempt,
Harwinton,2.59,2015,Non-Exempt,
Hebron,2.92,2015,Non-Exempt,
Kent,3.66,2015,Non-Exempt,
Killingworth,0.77,2015,Non-Exempt,
Lebanon,3.49,2015,Non-Exempt,
Ledyard,4.34,2015,Non-Exempt,
Lisbon,3.47,2015,Non-Exempt,
Litchfield,4.93,2015,Non-Exempt,
Lyme,0.82,2015,Non-Exempt,
Madison,1.62,2015,Non-Exempt,
Marlborough,2.09,2015,Non-Exempt,
Middlebury,4.01,2015,Non-Exempt,
Middlefield,2.52,2015,Non-Exempt,
Milford,5.49,2015,Non-Exempt,
Monroe,0.94,2015,Non-Exempt,
Montville,5.06,2015,Non-Exempt,
Morris,1.9,2015,Non-Exempt,
Naugatuck,8.68,2015,Non-Exempt,
New Canaan,2.64,2015,Non-Exempt,
New Fairfield,0.93,2015,Non-Exempt,
New Hartford,2.7,2015,Non-Exempt,
New Milford,4.25,2015,Non-Exempt,
Newington,8.64,2015,Non-Exempt,
Newtown,1.94,2015,Non-Exempt,
Norfolk,3.83,2015,Non-Exempt,
North Branford,2.42,2015,Non-Exempt,
North Canaan,9.39,2015,Non-Exempt,
North Haven,4.99,2015,Non-Exempt,
North Stonington,1.34,2015,Non-Exempt,
Old Lyme,1.49,2015,Non-Exempt,
Old Saybrook,1.73,2015,Non-Exempt,
Orange,1.33,2015,Non-Exempt,
Oxford,1.22,2015,Non-Exempt,
Plainville,7.66,2015,Non-Exempt,
Plymouth,7.79,2015,Non-Exempt,
Pomfret,3.27,2015,Non-Exempt,
Portland,8.36,2015,Non-Exempt,
Preston,4.46,2015,Non-Exempt,
Prospect,1.21,2015,Non-Exempt,
Redding,0.03,2015,Non-Exempt,
Ridgefield,2.72,2015,Non-Exempt,
Rocky Hill,5.13,2015,Non-Exempt,
Roxbury,1.8,2015,Non-Exempt,
Salem,1.96,2015,Non-Exempt,
Salisbury,1.35,2015,Non-Exempt,
Scotland,2.5,2015,Non-Exempt,
Seymour,5.68,2015,Non-Exempt,
Sharon,1.46,2015,Non-Exempt,
Shelton,3.54,2015,Non-Exempt,
Sherman,0.33,2015,Non-Exempt,
Simsbury,3.72,2015,Non-Exempt,
Somers,5.43,2015,Non-Exempt,
South Windsor,7.2,2015,Non-Exempt,
Southbury,1.33,2015,Non-Exempt,
Southington,6.27,2015,Non-Exempt,
Sprague,5.77,2015,Non-Exempt,
Stafford,9.21,2015,Non-Exempt,
Sterling,3.31,2015,Non-Exempt,
Stonington,4.98,2015,Non-Exempt,
Stratford,5.97,2015,Non-Exempt,
Suffield,5.43,2015,Non-Exempt,
Thomaston,6.9,2015,Non-Exempt,
Thompson,6.57,2015,Non-Exempt,
Tolland,3.5,2015,Non-Exempt,
Trumbull,4.47,2015,Non-Exempt,
Union,2.58,2015,Non-Exempt,
Voluntown,4.79,2015,Non-Exempt,
Wallingford,5.11,2015,Non-Exempt,
Warren,0.62,2015,Non-Exempt,
Washington,2.17,2015,Non-Exempt,
Waterford,4.67,2015,Non-Exempt,
Watertown,4.33,2015,Non-Exempt,
West Hartford,7.5,2015,Non-Exempt,
Westbrook,4.78,2015,Non-Exempt,
Weston,0.08,2015,Non-Exempt,
Westport,3.07,2015,Non-Exempt,
Wethersfield,8.47,2015,Non-Exempt,
Willington,7.89,2015,Non-Exempt,
Wilton,3.92,2015,Non-Exempt,
Windsor,7,2015,Non-Exempt,
Windsor Locks,8.95,2015,Non-Exempt,
Wolcott,7.5,2015,Non-Exempt,
Woodbridge,1.18,2015,Non-Exempt,
Woodbury,1.93,2015,Non-Exempt,
Woodstock,2.74,2015,Non-Exempt,
Ansonia,13.92,2014,Exempt,
Bloomfield,11.65,2014,Exempt,
Bridgeport,18.78,2014,Exempt,
Bristol,13.04,2014,Exempt,
Brooklyn,11.68,2014,Exempt,
Danbury,10.05,2014,Exempt,
Derby,11.25,2014,Exempt,
East Hartford,17.38,2014,Exempt,
East Windsor,14.57,2014,Exempt,
Enfield,12.18,2014,Exempt,
Groton,22.49,2014,Exempt,
Hartford,37.89,2014,Exempt,
Killingly,14.36,2014,Exempt,
Manchester,14.5,2014,Exempt,
Mansfield,10.99,2014,Exempt,
Meriden,15.97,2014,Exempt,
Middletown,21.96,2014,Exempt,
New Britain,21.13,2014,Exempt,
New Haven,29.08,2014,Exempt,
New London,24.86,2014,Exempt,
Norwalk,11.83,2014,Exempt,
Norwich,18.14,2014,Exempt,
Plainfield,16.1,2014,Exempt,
Putnam,15.35,2014,Exempt,
Stamford,16.24,2014,Exempt,
Torrington,12.2,2014,Exempt,
Vernon,15.57,2014,Exempt,
Waterbury,22.71,2014,Exempt,
West Haven,12.94,2014,Exempt,
Winchester,17.44,2014,Exempt,
Windham,31.12,2014,Exempt,
Andover,4.33,2014,Non-Exempt,
Ashford,4.41,2014,Non-Exempt,
Avon,3.76,2014,Non-Exempt,
Barkhamsted,1.07,2014,Non-Exempt,
Beacon Falls,1.32,2014,Non-Exempt,
Berlin,8.59,2014,Non-Exempt,
Bethany,0.15,2014,Non-Exempt,
Bethel,5.43,2014,Non-Exempt,
Bethlehem,1.59,2014,Non-Exempt,
Bolton,1.29,2014,Non-Exempt,
Bozrah,3.4,2014,Non-Exempt,
Branford,3.42,2014,Non-Exempt,
Bridgewater,0.23,2014,Non-Exempt,
Brookfield,2.44,2014,Non-Exempt,
Burlington,1.8,2014,Non-Exempt,
Canaan,7.57,2014,Non-Exempt,
Canterbury,7.59,2014,Non-Exempt,
Canton,7.56,2014,Non-Exempt,
Chaplin,3.64,2014,Non-Exempt,
Cheshire,3.68,2014,Non-Exempt,
Chester,1.98,2014,Non-Exempt,
Clinton,2.31,2014,Non-Exempt,
Colchester,8.78,2014,Non-Exempt,
Colebrook,1.52,2014,Non-Exempt,
Columbia,3.9,2014,Non-Exempt,
Cornwall,2.28,2014,Non-Exempt,
Coventry,5.88,2014,Non-Exempt,
Cromwell,7.13,2014,Non-Exempt,
Darien,3.38,2014,Non-Exempt,
Deep River,3.63,2014,Non-Exempt,
Durham,2,2014,Non-Exempt,
Eastford,3.03,2014,Non-Exempt,
East Granby,5.07,2014,Non-Exempt,
East Haddam,2.71,2014,Non-Exempt,
East Hampton,3.61,2014,Non-Exempt,
East Haven,7.9,2014,Non-Exempt,
East Lyme,6.15,2014,Non-Exempt,
Easton,0.41,2014,Non-Exempt,
Ellington,5.63,2014,Non-Exempt,
Essex,1.63,2014,Non-Exempt,
Fairfield,2.24,2014,Non-Exempt,
Farmington,7.96,2014,Non-Exempt,
Franklin,5.58,2014,Non-Exempt,
Glastonbury,5.46,2014,Non-Exempt,
Goshen,0.6,2014,Non-Exempt,
Granby,3.17,2014,Non-Exempt,
Greenwich,4.79,2014,Non-Exempt,
Griswold,8.93,2014,Non-Exempt,
Guilford,2.29,2014,Non-Exempt,
Haddam,1.34,2014,Non-Exempt,
Hamden,7.68,2014,Non-Exempt,
Hampton,5.55,2014,Non-Exempt,
Hartland,1.29,2014,Non-Exempt,
Harwinton,2.54,2014,Non-Exempt,
Hebron,3,2014,Non-Exempt,
Kent,3.6,2014,Non-Exempt,
Killingworth,0.62,2014,Non-Exempt,
Lebanon,3.81,2014,Non-Exempt,
Ledyard,4.03,2014,Non-Exempt,
Lisbon,3.41,2014,Non-Exempt,
Litchfield,5.08,2014,Non-Exempt,
Lyme,0.82,2014,Non-Exempt,
Madison,1.62,2014,Non-Exempt,
Marlborough,2.05,2014,Non-Exempt,
Middlebury,3.98,2014,Non-Exempt,
Middlefield,2.47,2014,Non-Exempt,
Milford,5.48,2014,Non-Exempt,
Monroe,0.85,2014,Non-Exempt,
Montville,4.71,2014,Non-Exempt,
Morris,1.9,2014,Non-Exempt,
Naugatuck,9.31,2014,Non-Exempt,
New Canaan,2.71,2014,Non-Exempt,
New Fairfield,0.72,2014,Non-Exempt,
New Hartford,2.67,2014,Non-Exempt,
Newington,8.54,2014,Non-Exempt,
New Milford,3.91,2014,Non-Exempt,
Newtown,1.8,2014,Non-Exempt,
Norfolk,4.03,2014,Non-Exempt,
North Branford,2.38,2014,Non-Exempt,
North Canaan,9.26,2014,Non-Exempt,
North Haven,4.8,2014,Non-Exempt,
North Stonington,1.04,2014,Non-Exempt,
Old Lyme,1.55,2014,Non-Exempt,
Old Saybrook,1.71,2014,Non-Exempt,
Orange,1.27,2014,Non-Exempt,
Oxford,1.07,2014,Non-Exempt,
Plainville,7.39,2014,Non-Exempt,
Plymouth,8.22,2014,Non-Exempt,
Pomfret,3.62,2014,Non-Exempt,
Portland,8.12,2014,Non-Exempt,
Preston,4.41,2014,Non-Exempt,
Prospect,1.21,2014,Non-Exempt,
Redding,0,2014,Non-Exempt,
Ridgefield,2.52,2014,Non-Exempt,
Rocky Hill,5.02,2014,Non-Exempt,
Roxbury,1.71,2014,Non-Exempt,
Salem,2.14,2014,Non-Exempt,
Salisbury,1.43,2014,Non-Exempt,
Scotland,1.91,2014,Non-Exempt,
Seymour,5.41,2014,Non-Exempt,
Sharon,1.46,2014,Non-Exempt,
Shelton,3.39,2014,Non-Exempt,
Sherman,0.27,2014,Non-Exempt,
Simsbury,3.53,2014,Non-Exempt,
Somers,5.43,2014,Non-Exempt,
Southbury,1.23,2014,Non-Exempt,
Southington,5.86,2014,Non-Exempt,
South Windsor,6.98,2014,Non-Exempt,
Sprague,6.41,2014,Non-Exempt,
Stafford,8.24,2014,Non-Exempt,
Sterling,4.43,2014,Non-Exempt,
Stonington,4.05,2014,Non-Exempt,
Stratford,5.77,2014,Non-Exempt,
Suffield,5.38,2014,Non-Exempt,
Thomaston,6.81,2014,Non-Exempt,
Thompson,7.41,2014,Non-Exempt,
Tolland,3.6,2014,Non-Exempt,
Trumbull,5.19,2014,Non-Exempt,
Union,3.09,2014,Non-Exempt,
Voluntown,5.5,2014,Non-Exempt,
Wallingford,4.97,2014,Non-Exempt,
Warren,0.62,2014,Non-Exempt,
Washington,2.35,2014,Non-Exempt,
Waterford,4.42,2014,Non-Exempt,
Watertown,4.05,2014,Non-Exempt,
Westbrook,4.78,2014,Non-Exempt,
West Hartford,7.79,2014,Non-Exempt,
Weston,0.03,2014,Non-Exempt,
Westport,3.01,2014,Non-Exempt,
Wethersfield,8.39,2014,Non-Exempt,
Willington,7.85,2014,Non-Exempt,
Wilton,3.86,2014,Non-Exempt,
Windsor,7.46,2014,Non-Exempt,
Windsor Locks,8.79,2014,Non-Exempt,
Wolcott,7.14,2014,Non-Exempt,
Woodbridge,1.18,2014,Non-Exempt,
Woodbury,1.88,2014,Non-Exempt,
Woodstock,2.76,2014,Non-Exempt,
Ansonia,15.32,2013,Exempt,
Bloomfield,11.59,2013,Exempt,
Bridgeport,18.51,2013,Exempt,
Bristol,13.45,2013,Exempt,
Brooklyn,11.68,2013,Exempt,
Danbury,10.93,2013,Exempt,
Derby,10.84,2013,Exempt,
East Hartford,16.65,2013,Exempt,
East Windsor,14.83,2013,Exempt,
Enfield,12.21,2013,Exempt,
Groton,20.53,2013,Exempt,
Hartford,37.8,2013,Exempt,
Killingly,14.94,2013,Exempt,
Manchester,14.88,2013,Exempt,
Mansfield,11.3,2013,Exempt,
Meriden,14.8,2013,Exempt,
Middletown,23.39,2013,Exempt,
New Britain,20.71,2013,Exempt,
New Haven,29.63,2013,Exempt,
New London,20.11,2013,Exempt,
Norwalk,11.62,2013,Exempt,
Norwich,17.42,2013,Exempt,
Plainfield,15.86,2013,Exempt,
Putnam,15.4,2013,Exempt,
Stamford,16.05,2013,Exempt,
Torrington,12.67,2013,Exempt,
Vernon,16.59,2013,Exempt,
Waterbury,23.31,2013,Exempt,
West Haven,13.66,2013,Exempt,
Winchester,13.09,2013,Exempt,
Windham,29,2013,Exempt,
Andover,4.1,2013,Non-Exempt,
Ashford,4.31,2013,Non-Exempt,
Avon,3.79,2013,Non-Exempt,
Barkhamsted,1.01,2013,Non-Exempt,
Beacon Falls,1.47,2013,Non-Exempt,
Berlin,8.4,2013,Non-Exempt,
Bethany,0.15,2013,Non-Exempt,
Bethel,5.32,2013,Non-Exempt,
Bethlehem,1.65,2013,Non-Exempt,
Bolton,1.14,2013,Non-Exempt,
Bozrah,3.12,2013,Non-Exempt,
Branford,3.38,2013,Non-Exempt,
Bridgewater,0.23,2013,Non-Exempt,
Brookfield,2.44,2013,Non-Exempt,
Burlington,2.04,2013,Non-Exempt,
Canaan,4.62,2013,Non-Exempt,
Canterbury,7.15,2013,Non-Exempt,
Canton,7.49,2013,Non-Exempt,
Chaplin,2.83,2013,Non-Exempt,
Cheshire,3.23,2013,Non-Exempt,
Chester,1.98,2013,Non-Exempt,
Clinton,2.26,2013,Non-Exempt,
Colchester,8.41,2013,Non-Exempt,
Colebrook,1.25,2013,Non-Exempt,
Columbia,3.73,2013,Non-Exempt,
Cornwall,2.38,2013,Non-Exempt,
Coventry,6.02,2013,Non-Exempt,
Cromwell,6.97,2013,Non-Exempt,
Darien,2.62,2013,Non-Exempt,
Deep River,2.77,2013,Non-Exempt,
Durham,2.08,2013,Non-Exempt,
Eastford,3.15,2013,Non-Exempt,
East Granby,5.25,2013,Non-Exempt,
East Haddam,2.57,2013,Non-Exempt,
East Hampton,3.65,2013,Non-Exempt,
East Haven,6.84,2013,Non-Exempt,
East Lyme,5.59,2013,Non-Exempt,
Easton,0.41,2013,Non-Exempt,
Ellington,5.9,2013,Non-Exempt,
Essex,1.69,2013,Non-Exempt,
Fairfield,2.64,2013,Non-Exempt,
Farmington,7.73,2013,Non-Exempt,
Franklin,2.72,2013,Non-Exempt,
Glastonbury,5.53,2013,Non-Exempt,
Goshen,0.48,2013,Non-Exempt,
Granby,3.49,2013,Non-Exempt,
Greenwich,5.13,2013,Non-Exempt,
Griswold,8.13,2013,Non-Exempt,
Guilford,2.25,2013,Non-Exempt,
Haddam,1.26,2013,Non-Exempt,
Hamden,6.73,2013,Non-Exempt,
Hampton,4.04,2013,Non-Exempt,
Hartland,1.4,2013,Non-Exempt,
Harwinton,2.5,2013,Non-Exempt,
Hebron,3.03,2013,Non-Exempt,
Kent,1.68,2013,Non-Exempt,
Killingworth,0.65,2013,Non-Exempt,
Lebanon,3.49,2013,Non-Exempt,
Ledyard,4.41,2013,Non-Exempt,
Lisbon,3.82,2013,Non-Exempt,
Litchfield,4.68,2013,Non-Exempt,
Lyme,0.82,2013,Non-Exempt,
Madison,1.62,2013,Non-Exempt,
Marlborough,2.22,2013,Non-Exempt,
Middlebury,3.73,2013,Non-Exempt,
Middlefield,2.36,2013,Non-Exempt,
Milford,6.18,2013,Non-Exempt,
Monroe,0.85,2013,Non-Exempt,
Montville,5.04,2013,Non-Exempt,
Morris,1.75,2013,Non-Exempt,
Naugatuck,8.4,2013,Non-Exempt,
New Canaan,2.71,2013,Non-Exempt,
New Fairfield,0.88,2013,Non-Exempt,
New Hartford,2.39,2013,Non-Exempt,
Newington,7.35,2013,Non-Exempt,
New Milford,5.8,2013,Non-Exempt,
Newtown,1.85,2013,Non-Exempt,
Norfolk,3.21,2013,Non-Exempt,
North Branford,2.33,2013,Non-Exempt,
North Canaan,6.87,2013,Non-Exempt,
North Haven,4.72,2013,Non-Exempt,
North Stonington,1.26,2013,Non-Exempt,
Old Lyme,1.49,2013,Non-Exempt,
Old Saybrook,1.64,2013,Non-Exempt,
Orange,1.23,2013,Non-Exempt,
Oxford,1.07,2013,Non-Exempt,
Plainville,7.44,2013,Non-Exempt,
Plymouth,7.11,2013,Non-Exempt,
Pomfret,3.68,2013,Non-Exempt,
Portland,8.31,2013,Non-Exempt,
Preston,4.51,2013,Non-Exempt,
Prospect,1.09,2013,Non-Exempt,
Redding,0,2013,Non-Exempt,
Ridgefield,2.44,2013,Non-Exempt,
Rocky Hill,5.02,2013,Non-Exempt,
Roxbury,1.8,2013,Non-Exempt,
Salem,2.14,2013,Non-Exempt,
Salisbury,1.31,2013,Non-Exempt,
Scotland,2.35,2013,Non-Exempt,
Seymour,5.47,2013,Non-Exempt,
Sharon,1.35,2013,Non-Exempt,
Shelton,2.75,2013,Non-Exempt,
Sherman,0.22,2013,Non-Exempt,
Simsbury,3.44,2013,Non-Exempt,
Somers,5.23,2013,Non-Exempt,
Southbury,1.25,2013,Non-Exempt,
Southington,5.71,2013,Non-Exempt,
South Windsor,7.03,2013,Non-Exempt,
Sprague,5.13,2013,Non-Exempt,
Stafford,7.55,2013,Non-Exempt,
Sterling,4.1,2013,Non-Exempt,
Stonington,4,2013,Non-Exempt,
Stratford,5.74,2013,Non-Exempt,
Suffield,5.43,2013,Non-Exempt,
Thomaston,6.9,2013,Non-Exempt,
Thompson,7.74,2013,Non-Exempt,
Tolland,3.87,2013,Non-Exempt,
Trumbull,5.15,2013,Non-Exempt,
Union,4.12,2013,Non-Exempt,
Voluntown,4.7,2013,Non-Exempt,
Wallingford,5.1,2013,Non-Exempt,
Warren,0.99,2013,Non-Exempt,
Washington,1.79,2013,Non-Exempt,
Waterford,4.52,2013,Non-Exempt,
Watertown,4.12,2013,Non-Exempt,
Westbrook,4.75,2013,Non-Exempt,
West Hartford,8.09,2013,Non-Exempt,
Weston,0.03,2013,Non-Exempt,
Westport,2.75,2013,Non-Exempt,
Wethersfield,8.42,2013,Non-Exempt,
Willington,8.04,2013,Non-Exempt,
Wilton,3.81,2013,Non-Exempt,
Windsor,7.32,2013,Non-Exempt,
Windsor Locks,5429,2013,Exempt,
Wolcott,7.11,2013,Non-Exempt,
Woodbridge,1.12,2013,Non-Exempt,
Woodbury,1.95,2013,Non-Exempt,
Woodstock,3.18,2013,Non-Exempt,
Ansonia,14.56,2012,Exempt,
Bloomfield,11.38,2012,Exempt,
Bridgeport,17.69,2012,Exempt,
Bristol,13.25,2012,Exempt,
Brooklyn,10.02,2012,Exempt,
Danbury,10.51,2012,Exempt,
Derby,10.75,2012,Exempt,
East Hartford,16.45,2012,Exempt,
East Windsor,14.29,2012,Exempt,
Enfield,12.01,2012,Exempt,
Groton,20.39,2012,Exempt,
Hartford,37.14,2012,Exempt,
Killingly,12.63,2012,Exempt,
Manchester,14.64,2012,Exempt,
Mansfield,10.94,2012,Exempt,
Meriden,14.71,2012,Exempt,
Middletown,20.81,2012,Exempt,
New Britain,20.32,2012,Exempt,
New Haven,29.14,2012,Exempt,
New London,19.9,2012,Exempt,
Norwalk,11.43,2012,Exempt,
Norwich,16.89,2012,Exempt,
Plainfield,14.42,2012,Exempt,
Putnam,13.7,2012,Exempt,
Stamford,15.48,2012,Exempt,
Torrington,11.97,2012,Exempt,
Vernon,16.43,2012,Exempt,
Waterbury,22.09,2012,Exempt,
West Haven,13.11,2012,Exempt,
Winchester,12.6,2012,Exempt,
Windham,26.92,2012,Exempt,
Andover,3.57,2012,Non-Exempt,
Ashford,3.73,2012,Non-Exempt,
Avon,3.65,2012,Non-Exempt,
Barkhamsted,0.82,2012,Non-Exempt,
Beacon Falls,1.24,2012,Non-Exempt,
Berlin,7.19,2012,Non-Exempt,
Bethany,0.1,2012,Non-Exempt,
Bethel,5.2,2012,Non-Exempt,
Bethlehem,1.59,2012,Non-Exempt,
Bolton,0.94,2012,Non-Exempt,
Bozrah,2.17,2012,Non-Exempt,
Branford,3.26,2012,Non-Exempt,
Bridgewater,0.23,2012,Non-Exempt,
Brookfield,2.12,2012,Non-Exempt,
Burlington,1.68,2012,Non-Exempt,
Canaan,4.49,2012,Non-Exempt,
Canterbury,5.73,2012,Non-Exempt,
Canton,7.31,2012,Non-Exempt,
Chaplin,2.43,2012,Non-Exempt,
Cheshire,3.18,2012,Non-Exempt,
Chester,1.82,2012,Non-Exempt,
Clinton,2.18,2012,Non-Exempt,
Colchester,7.89,2012,Non-Exempt,
Colebrook,1.11,2012,Non-Exempt,
Columbia,2.99,2012,Non-Exempt,
Cornwall,1.99,2012,Non-Exempt,
Coventry,5.12,2012,Non-Exempt,
Cromwell,6.95,2012,Non-Exempt,
Darien,2.59,2012,Non-Exempt,
Deep River,2.58,2012,Non-Exempt,
Durham,1.74,2012,Non-Exempt,
East Granby,5.02,2012,Non-Exempt,
East Haddam,2.31,2012,Non-Exempt,
East Hampton,3.21,2012,Non-Exempt,
East Haven,6.73,2012,Non-Exempt,
East Lyme,5.31,2012,Non-Exempt,
Eastford,2.4,2012,Non-Exempt,
Easton,0.41,2012,Non-Exempt,
Ellington,5.27,2012,Non-Exempt,
Essex,1.56,2012,Non-Exempt,
Fairfield,2.62,2012,Non-Exempt,
Farmington,7.55,2012,Non-Exempt,
Franklin,2.2,2012,Non-Exempt,
Glastonbury,5.51,2012,Non-Exempt,
Goshen,0.36,2012,Non-Exempt,
Granby,3.07,2012,Non-Exempt,
Greenwich,5.13,2012,Non-Exempt,
Griswold,6.57,2012,Non-Exempt,
Guilford,2.12,2012,Non-Exempt,
Haddam,1.08,2012,Non-Exempt,
Hamden,6.61,2012,Non-Exempt,
Hampton,2.27,2012,Non-Exempt,
Hartland,0.93,2012,Non-Exempt,
Harwinton,2.1,2012,Non-Exempt,
Hebron,2.75,2012,Non-Exempt,
Kent,3.12,2012,Non-Exempt,
Killingworth,0.46,2012,Non-Exempt,
Lebanon,2.75,2012,Non-Exempt,
Ledyard,3.44,2012,Non-Exempt,
Lisbon,2.6,2012,Non-Exempt,
Litchfield,4.58,2012,Non-Exempt,
Lyme,0.82,2012,Non-Exempt,
Madison,1.59,2012,Non-Exempt,
Marlborough,1.84,2012,Non-Exempt,
Middlebury,3.46,2012,Non-Exempt,
Middlefield,2.25,2012,Non-Exempt,
Milford,6.05,2012,Non-Exempt,
Monroe,0.81,2012,Non-Exempt,
Montville,4.21,2012,Non-Exempt,
Morris,1.67,2012,Non-Exempt,
Naugatuck,8.31,2012,Non-Exempt,
New Canaan,2.42,2012,Non-Exempt,
New Fairfield,0.68,2012,Non-Exempt,
New Hartford,2.26,2012,Non-Exempt,
New Milford,5.38,2012,Non-Exempt,
Newington,7.17,2012,Non-Exempt,
Newtown,1.73,2012,Non-Exempt,
Norfolk,3.21,2012,Non-Exempt,
North Branford,2.2,2012,Non-Exempt,
North Canaan,6.81,2012,Non-Exempt,
North Haven,4.7,2012,Non-Exempt,
North Stonington,0.95,2012,Non-Exempt,
Old Lyme,1.41,2012,Non-Exempt,
Old Saybrook,1.29,2012,Non-Exempt,
Orange,1.1,2012,Non-Exempt,
Oxford,0.95,2012,Non-Exempt,
Plainville,7.08,2012,Non-Exempt,
Plymouth,6.58,2012,Non-Exempt,
Pomfret,3.03,2012,Non-Exempt,
Portland,8.05,2012,Non-Exempt,
Preston,3.96,2012,Non-Exempt,
Prospect,0.83,2012,Non-Exempt,
Redding,0,2012,Non-Exempt,
Ridgefield,2.34,2012,Non-Exempt,
Rocky Hill,4.95,2012,Non-Exempt,
Roxbury,1.71,2012,Non-Exempt,
Salem,1.77,2012,Non-Exempt,
Salisbury,1.23,2012,Non-Exempt,
Scotland,1.62,2012,Non-Exempt,
Seymour,5.27,2012,Non-Exempt,
Sharon,1.35,2012,Non-Exempt,
Shelton,2.73,2012,Non-Exempt,
Sherman,0.11,2012,Non-Exempt,
Simsbury,3.4,2012,Non-Exempt,
Somers,2.27,2012,Non-Exempt,
South Windsor,6.99,2012,Non-Exempt,
Southbury,1.15,2012,Non-Exempt,
Southington,5.63,2012,Non-Exempt,
Sprague,4.81,2012,Non-Exempt,
Stafford,6.81,2012,Non-Exempt,
Sterling,2.38,2012,Non-Exempt,
Stonington,3.86,2012,Non-Exempt,
Stratford,5.65,2012,Non-Exempt,
Suffield,5.1,2012,Non-Exempt,
Thomaston,6.11,2012,Non-Exempt,
Thompson,5.9,2012,Non-Exempt,
Tolland,3.3,2012,Non-Exempt,
Trumbull,5.14,2012,Non-Exempt,
Union,2.32,2012,Non-Exempt,
Voluntown,3.99,2012,Non-Exempt,
Wallingford,5.04,2012,Non-Exempt,
Warren,0.49,2012,Non-Exempt,
Washington,1.74,2012,Non-Exempt,
Waterford,4.03,2012,Non-Exempt,
Watertown,4,2012,Non-Exempt,
West Hartford,7.86,2012,Non-Exempt,
Westbrook,4.7,2012,Non-Exempt,
Weston,0.03,2012,Non-Exempt,
Westport,2.71,2012,Non-Exempt,
Wethersfield,8.29,2012,Non-Exempt,
Willington,7.55,2012,Non-Exempt,
Wilton,3.64,2012,Non-Exempt,
Windsor,7.15,2012,Non-Exempt,
Windsor Locks,9.15,2012,Exempt,
Wolcott,6.95,2012,Non-Exempt,
Woodbridge,1.12,2012,Non-Exempt,
Woodbury,1.82,2012,Non-Exempt,
Woodstock,2.21,2012,Non-Exempt,
Ansonia,14.56,2011,Exempt,
Bloomfield,11.38,2011,Exempt,
Bridgeport,18.08,2011,Exempt,
Bristol,13.24,2011,Exempt,
Danbury,10.03,2011,Exempt,
Derby,10.72,2011,Exempt,
East Hartford,15.57,2011,Exempt,
East Windsor,13,2011,Exempt,
Enfield,12.01,2011,Exempt,
Groton,20.41,2011,Exempt,
Hartford,35.57,2011,Exempt,
Killingly,11.92,2011,Exempt,
Manchester,14.4,2011,Exempt,
Mansfield,10.87,2011,Exempt,
Meriden,14.57,2011,Exempt,
Middletown,22.26,2011,Exempt,
New Britain,19.82,2011,Exempt,
New Haven,29,2011,Exempt,
New London,19.87,2011,Exempt,
Norwalk,11.37,2011,Exempt,
Norwich,16.77,2011,Exempt,
Plainfield,13.87,2011,Exempt,
Putnam,12.75,2011,Exempt,
Stamford,15.41,2011,Exempt,
Vernon,16.33,2011,Exempt,
Waterbury,22.02,2011,Exempt,
West Haven,12.56,2011,Exempt,
Winchester,12.11,2011,Exempt,
Windham,27.99,2011,Exempt,
Andover,3.42,2011,Non-Exempt,
Ashford,3.57,2011,Non-Exempt,
Avon,3.6,2011,Non-Exempt,
Barkhamsted,0.88,2011,Non-Exempt,
Berlin,1.2,2011,Non-Exempt,
Bethany,0.05,2011,Non-Exempt,
Bethel,5.18,2011,Non-Exempt,
Bethlehem,1.52,2011,Non-Exempt,
Bolton,0.89,2011,Non-Exempt,
Bozrah,1.89,2011,Non-Exempt,
Branford,3.24,2011,Non-Exempt,
Bridgewater,0.23,2011,Non-Exempt,
Brookfield,2,2011,Non-Exempt,
Brooklyn,9.43,2011,Non-Exempt,
Burlington,1.56,2011,Non-Exempt,
Canaan,4.49,2011,Non-Exempt,
Canterbury,5.29,2011,Non-Exempt,
Canton,7.26,2011,Non-Exempt,
Chaplin,2.43,2011,Non-Exempt,
Cheshire,3.16,2011,Non-Exempt,
Chester,1.7,2011,Non-Exempt,
Clinton,2.16,2011,Non-Exempt,
Colchester,7.67,2011,Non-Exempt,
Colebrook,1.11,2011,Non-Exempt,
Columbia,2.82,2011,Non-Exempt,
Cornwall,1.79,2011,Non-Exempt,
Coventry,4.8,2011,Non-Exempt,
Cromwell,6.95,2011,Non-Exempt,
Darien,2.62,2011,Non-Exempt,
Deep River,2.48,2011,Non-Exempt,
Durham,1.67,2011,Non-Exempt,
East Granby,4.79,2011,Non-Exempt,
East Haddam,2.01,2011,Non-Exempt,
East Hampton,3.01,2011,Non-Exempt,
East Haven,1.13,2011,Non-Exempt,
East Lyme,5.81,2011,Non-Exempt,
Eastford,2.02,2011,Non-Exempt,
Easton,1.62,2011,Non-Exempt,
Ellington,5.03,2011,Non-Exempt,
Essex,1.47,2011,Non-Exempt,
Fairfield,2.63,2011,Non-Exempt,
Farmington,7.54,2011,Non-Exempt,
Franklin,2.08,2011,Non-Exempt,
Glastonbury,5.51,2011,Non-Exempt,
Goshen,0.42,2011,Non-Exempt,
Granby,2.87,2011,Non-Exempt,
Greenwich,4.88,2011,Non-Exempt,
Griswold,6.21,2011,Non-Exempt,
Guilford,2.09,2011,Non-Exempt,
Haddam,1.06,2011,Non-Exempt,
Hamden,6.57,2011,Non-Exempt,
Hampton,2.02,2011,Non-Exempt,
Hartland,0.7,2011,Non-Exempt,
Harwinton,1.97,2011,Non-Exempt,
Hebron,2.58,2011,Non-Exempt,
Kent,4.62,2011,Non-Exempt,
Killingworth,0.42,2011,Non-Exempt,
Lebanon,2.5,2011,Non-Exempt,
Ledyard,3.29,2011,Non-Exempt,
Lisbon,2.14,2011,Non-Exempt,
Litchfield,4.58,2011,Non-Exempt,
Lyme,0.74,2011,Non-Exempt,
Madison,1.58,2011,Non-Exempt,
Marlborough,1.67,2011,Non-Exempt,
Middlebury,3.28,2011,Non-Exempt,
Middlefield,2.2,2011,Non-Exempt,
Milford,6.08,2011,Non-Exempt,
Monroe,0.8,2011,Non-Exempt,
Montville,3.89,2011,Non-Exempt,
Morris,1.67,2011,Non-Exempt,
Naugatuck,8.16,2011,Non-Exempt,
New Canaan,2.42,2011,Non-Exempt,
New Fairfield,0.63,2011,Non-Exempt,
New Hartford,2.16,2011,Non-Exempt,
New Milford,4.92,2011,Non-Exempt,
Newington,7.01,2011,Non-Exempt,
Newtown,1.72,2011,Non-Exempt,
Norfolk,3.21,2011,Non-Exempt,
North Branford,2.1,2011,Non-Exempt,
North Canaan,6.81,2011,Non-Exempt,
North Haven,4.71,2011,Non-Exempt,
North,0.78,2011,Non-Exempt,
Lyme,1.37,2011,Non-Exempt,
Orange,1.1,2011,Non-Exempt,
Oxford,0.95,2011,Non-Exempt,
Plainville,14,2011,Exempt,
Plymouth,6.38,2011,Non-Exempt,
Pomfret,2.67,2011,Non-Exempt,
Portland,1.95,2011,Non-Exempt,
Preston,3.81,2011,Non-Exempt,
Prospect,0.75,2011,Non-Exempt,
Redding,0,2011,Non-Exempt,
Ridgefield,2.2,2011,Non-Exempt,
Rocky Hill,4.89,2011,Non-Exempt,
Roxbury,1.1,2011,Non-Exempt,
Salem,1.59,2011,Non-Exempt,
Salisbury,1.16,2011,Non-Exempt,
Scotland,1.32,2011,Non-Exempt,
Seymour,5.31,2011,Non-Exempt,
Sharon,1.41,2011,Non-Exempt,
Shelton,2.69,2011,Non-Exempt,
Sherman,0.11,2011,Non-Exempt,
Simsbury,3.41,2011,Non-Exempt,
Somers,2.21,2011,Non-Exempt,
South Windsor,6.98,2011,Non-Exempt,
Southbury,1.138,2011,Non-Exempt,
Southington,5.63,2011,Non-Exempt,
Sprague,4.3,2011,Non-Exempt,
Stafford,6.44,2011,Non-Exempt,
Sterling,2.18,2011,Non-Exempt,
Stonington,3.81,2011,Non-Exempt,
Stratford,5.6,2011,Non-Exempt,
Suffield,4.9,2011,Non-Exempt,
Thomaston,83,2011,Exempt,
Thompson,5.18,2011,Non-Exempt,
Tolland,3.14,2011,Non-Exempt,
Trumbull,4.84,2011,Non-Exempt,
Union,1.55,2011,Non-Exempt,
Voluntown,3.82,2011,Non-Exempt,
Wallingford,5.05,2011,Non-Exempt,
Warren,0.25,2011,Non-Exempt,
Washington,1.74,2011,Non-Exempt,
Waterford,3.8,2011,Non-Exempt,
Watertown,3.95,2011,Non-Exempt,
West Hartford,7.84,2011,Non-Exempt,
Westbrook,4.67,2011,Non-Exempt,
Weston,0.03,2011,Non-Exempt,
Westport,2.41,2011,Non-Exempt,
Wethersfield,8.29,2011,Non-Exempt,
Willington,7.438,2011,Non-Exempt,
Wilton,2.55,2011,Non-Exempt,
Windsor,6.61,2011,Non-Exempt,
Windsor Locks,8.62,2011,Non-Exempt,
Wolcott,6.96,2011,Non-Exempt,
Woodbridge,1.18,2011,Non-Exempt,
Woodbury,1.82,2011,Non-Exempt,
Woodstock,1.84,2011,Non-Exempt,
Ansonia,12.65,2009,Exempt,
Bloomfield,11.6,2009,Exempt,
Bridgeport,17.88,2009,Exempt,
Bristol,13.63,2009,Exempt,
Brooklyn,10.67,2009,Exempt,
Danbury,10.49,2009,Exempt,
Derby,17.35,2009,Exempt,
East Hartford,16.12,2009,Exempt,
East Windsor,16.35,2009,Exempt,
Enfield,12.46,2009,Exempt,
Groton,21.66,2009,Exempt,
Hartford,35.12,2009,Exempt,
Killingly,13.23,2009,Exempt,
Manchester,15.36,2009,Exempt,
Mansfield,11.71,2009,Exempt,
Meriden,14.71,2009,Exempt,
Middletown,17.95,2009,Exempt,
New Britain,18,2009,Exempt,
New Haven,27.49,2009,Exempt,
New London,21.11,2009,Exempt,
Norwalk,11.38,2009,Exempt,
Norwich,20.56,2009,Exempt,
Plainfield,14.62,2009,Exempt,
Putnam,14.08,2009,Exempt,
Stamford,14.5,2009,Exempt,
Torrington,11.21,2009,Exempt,
Vernon,15.99,2009,Exempt,
Waterbury,20.78,2009,Exempt,
West Haven,12.46,2009,Exempt,
Winchester,12.11,2009,Exempt,
Windham,28.98,2009,Exempt,
Andover,3.92,2009,Non-Exempt,
Ashford,4.41,2009,Non-Exempt,
Avon,2.58,2009,Non-Exempt,
Barkhamsted,0.97,2009,Non-Exempt,
Beacon Falls,1.47,2009,Non-Exempt,
Berlin,7.13,2009,Non-Exempt,
Bethany,0.17,2009,Non-Exempt,
Bethel,5.1,2009,Non-Exempt,
Bethlehem,1.73,2009,Non-Exempt,
Bolton,0.76,2009,Non-Exempt,
Bozrah,2.07,2009,Non-Exempt,
Branford,3.38,2009,Non-Exempt,
Bridgewater,0.26,2009,Non-Exempt,
Brookfield,1.73,2009,Non-Exempt,
Burlington,1.76,2009,Non-Exempt,
Canaan,1.8,2009,Non-Exempt,
Canterbury,5.68,2009,Non-Exempt,
Canton,8.68,2009,Non-Exempt,
Chaplin,2.79,2009,Non-Exempt,
Cheshire,3.48,2009,Non-Exempt,
Chester,2.11,2009,Non-Exempt,
Clinton,2.15,2009,Non-Exempt,
Colchester,8.76,2009,Non-Exempt,
Colebrook,0.91,2009,Non-Exempt,
Columbia,3.17,2009,Non-Exempt,
Cornwall,2.18,2009,Non-Exempt,
Coventry,5.55,2009,Non-Exempt,
Cromwell,8.15,2009,Non-Exempt,
Darien,2.59,2009,Non-Exempt,
Deep River,2.83,2009,Non-Exempt,
Durham,1.92,2009,Non-Exempt,
East Granby,5.52,2009,Non-Exempt,
East Haddam,2.39,2009,Non-Exempt,
East Hampton,3.74,2009,Non-Exempt,
East Haven,7.37,2009,Non-Exempt,
East Lyme,5.26,2009,Non-Exempt,
Eastford,1.99,2009,Non-Exempt,
Easton,0.4,2009,Non-Exempt,
Ellington,6.41,2009,Non-Exempt,
Essex,1.55,2009,Non-Exempt,
Fairfield,2.21,2009,Non-Exempt,
Farmington,8.47,2009,Non-Exempt,
Franklin,2.25,2009,Non-Exempt,
Glastonbury,5.92,2009,Non-Exempt,
Goshen,0.4,2009,Non-Exempt,
Granby,3.27,2009,Non-Exempt,
Greenwich,5.02,2009,Non-Exempt,
Griswold,7.22,2009,Non-Exempt,
Guilford,2.32,2009,Non-Exempt,
Haddam,1.28,2009,Non-Exempt,
Hamden,7.43,2009,Non-Exempt,
Hampton,2.45,2009,Non-Exempt,
Hartland,0.79,2009,Non-Exempt,
Harwinton,2.23,2009,Non-Exempt,
Hebron,2.8,2009,Non-Exempt,
Kent,3.62,2009,Non-Exempt,
Killingworth,0.39,2009,Non-Exempt,
Lebanon,2.55,2009,Non-Exempt,
Ledyard,3.34,2009,Non-Exempt,
Lisbon,2.24,2009,Non-Exempt,
Litchfield,5.15,2009,Non-Exempt,
Lyme,0.71,2009,Non-Exempt,
Madison,1.69,2009,Non-Exempt,
Marlborough,1.85,2009,Non-Exempt,
Middlebury,3.85,2009,Non-Exempt,
Middlefield,2.53,2009,Non-Exempt,
Milford,6.18,2009,Non-Exempt,
Monroe,0.8,2009,Non-Exempt,
Montville,4.1,2009,Non-Exempt,
Morris,1.86,2009,Non-Exempt,
Naugatuck,8.65,2009,Non-Exempt,
New Canaan,2.52,2009,Non-Exempt,
New Fairfield,0.7,2009,Non-Exempt,
New Hartford,3.38,2009,Non-Exempt,
New Milford,2.23,2009,Non-Exempt,
Newington,7.49,2009,Non-Exempt,
Newtown,1.98,2009,Non-Exempt,
Norfolk,1.84,2009,Non-Exempt,
North Branford,2.36,2009,Non-Exempt,
North Canaan,8.03,2009,Non-Exempt,
North Haven,5.06,2009,Non-Exempt,
North Stonington,0.63,2009,Non-Exempt,
Old Lyme,1.58,2009,Non-Exempt,
Old Saybrook,1.23,2009,Non-Exempt,
Orange,1.13,2009,Non-Exempt,
Oxford,1.37,2009,Non-Exempt,
Plainville,7.88,2009,Non-Exempt,
Plymouth,7.12,2009,Non-Exempt,
Pomfret,8.05,2009,Non-Exempt,
Portland,8.82,2009,Non-Exempt,
Preston,3.84,2009,Non-Exempt,
Prospect,0.68,2009,Non-Exempt,
Redding,0,2009,Non-Exempt,
Ridgefield,2.04,2009,Non-Exempt,
Rocky Hill,5.53,2009,Non-Exempt,
Roxbury,1.96,2009,Non-Exempt,
Salem,1.51,2009,Non-Exempt,
Salisbury,1.12,2009,Non-Exempt,
Scotland,1.39,2009,Non-Exempt,
Seymour,6.83,2009,Non-Exempt,
Sharon,1.67,2009,Non-Exempt,
Shelton,3.53,2009,Non-Exempt,
Sherman,0.12,2009,Non-Exempt,
Simsbury,3.56,2009,Non-Exempt,
Somers,2.42,2009,Non-Exempt,
South Windsor,6.98,2009,Non-Exempt,
Southbury,1.32,2009,Non-Exempt,
Southington,6.34,2009,Non-Exempt,
Sprague,4.81,2009,Non-Exempt,
Stafford,7.17,2009,Non-Exempt,
Sterling,2.26,2009,Non-Exempt,
Stonington,4.25,2009,Non-Exempt,
Stratford,5.43,2009,Non-Exempt,
Suffield,5.67,2009,Non-Exempt,
Thomaston,6.34,2009,Non-Exempt,
Thompson,5.34,2009,Non-Exempt,
Tolland,3.64,2009,Non-Exempt,
Trumbull,5.15,2009,Non-Exempt,
Union,1.51,2009,Non-Exempt,
Voluntown,4.12,2009,Non-Exempt,
Wallingford,5.6,2009,Non-Exempt,
Warren,0.46,2009,Non-Exempt,
Washington,2.32,2009,Non-Exempt,
Waterford,4.01,2009,Non-Exempt,
Watertown,4.25,2009,Non-Exempt,
West Hartford,7.11,2009,Non-Exempt,
Westbrook,5.23,2009,Non-Exempt,
Weston,0.03,2009,Non-Exempt,
Westport,2.31,2009,Non-Exempt,
Wethersfield,8.48,2009,Non-Exempt,
Willington,8.07,2009,Non-Exempt,
Wilton,2.67,2009,Non-Exempt,
Windsor,6.94,2009,Non-Exempt,
Windsor Locks,8.96,2009,Non-Exempt,
Wolcott,8.01,2009,Non-Exempt,
Woodbridge,1.22,2009,Non-Exempt,
Woodbury,2.07,2009,Non-Exempt,
Woodstock,2.07,2009,Non-Exempt,
Ansonia,14.45,2008,Exempt,
Bloomfield,11.62,2008,Exempt,
Bridgeport,17.44,2008,Exempt,
Bristol,13.52,2008,Exempt,
Brooklyn,10.52,2008,Exempt,
Danbury,10.29,2008,Exempt,
Derby,10.54,2008,Exempt,
East Hartford,15.63,2008,Exempt,
East Windsor,16.25,2008,Exempt,
Enfield,12.28,2008,Exempt,
Groton,21.56,2008,Exempt,
Hartford,34.58,2008,Exempt,
Killingly,11.04,2008,Exempt,
Manchester,15.13,2008,Exempt,
Mansfield,11.71,2008,Exempt,
Meriden,14.62,2008,Exempt,
Middletown,17.29,2008,Exempt,
New Britain,17.51,2008,Exempt,
New Haven,27.28,2008,Exempt,
New London,20.82,2008,Exempt,
Norwalk,11.31,2008,Exempt,
Norwich,19.87,2008,Exempt,
Plainfield,14.62,2008,Exempt,
Putnam,14.01,2008,Exempt,
Stamford,14.37,2008,Exempt,
Torrington,11.01,2008,Exempt,
Vernon,15.44,2008,Exempt,
Waterbury,21.66,2008,Exempt,
West Haven,11.83,2008,Exempt,
Winchester,12.05,2008,Exempt,
Windham,27.71,2008,Exempt,
Andover,4.01,2008,Non-Exempt,
Ashford,4.3,2008,Non-Exempt,
Avon,2.58,2008,Non-Exempt,
Barkhamsted,0.84,2008,Non-Exempt,
Beacon Falls,1.47,2008,Non-Exempt,
Berlin,7.1,2008,Non-Exempt,
Bethany,0.17,2008,Non-Exempt,
Bethel,5.02,2008,Non-Exempt,
Bethlehem,1.73,2008,Non-Exempt,
Bolton,0.71,2008,Non-Exempt,
Bozrah,2.18,2008,Non-Exempt,
Branford,3.25,2008,Non-Exempt,
Bridgewater,0.13,2008,Non-Exempt,
Brookfield,1.71,2008,Non-Exempt,
Burlington,1.72,2008,Non-Exempt,
Canaan,5.57,2008,Non-Exempt,
Canterbury,5.68,2008,Non-Exempt,
Canton,8.66,2008,Non-Exempt,
Chaplin,2.45,2008,Non-Exempt,
Cheshire,3.57,2008,Non-Exempt,
Chester,2.05,2008,Non-Exempt,
Clinton,2.17,2008,Non-Exempt,
Colchester,8.12,2008,Non-Exempt,
Colebrook,0.91,2008,Non-Exempt,
Columbia,3.37,2008,Non-Exempt,
Cornwall,2.06,2008,Non-Exempt,
Coventry,5.68,2008,Non-Exempt,
Cromwell,8.03,2008,Non-Exempt,
Darien,1.81,2008,Non-Exempt,
Deep River,2.46,2008,Non-Exempt,
Durham,1.83,2008,Non-Exempt,
East Granby,5.57,2008,Non-Exempt,
East Haddam,2.39,2008,Non-Exempt,
East Hampton,3.83,2008,Non-Exempt,
East Haven,7.1,2008,Non-Exempt,
East Lyme,5.23,2008,Non-Exempt,
Eastford,1.84,2008,Non-Exempt,
Easton,0.4,2008,Non-Exempt,
Ellington,6.39,2008,Non-Exempt,
Essex,1.41,2008,Non-Exempt,
Fairfield,1.97,2008,Non-Exempt,
Farmington,7.49,2008,Non-Exempt,
Franklin,2.11,2008,Non-Exempt,
Glastonbury,5.86,2008,Non-Exempt,
Goshen,0.4,2008,Non-Exempt,
Granby,3.16,2008,Non-Exempt,
Greenwich,5.02,2008,Non-Exempt,
Griswold,7.04,2008,Non-Exempt,
Guilford,2.29,2008,Non-Exempt,
Haddam,1.28,2008,Non-Exempt,
Hamden,8.32,2008,Non-Exempt,
Hampton,2.59,2008,Non-Exempt,
Hartland,0.66,2008,Non-Exempt,
Harwinton,2.13,2008,Non-Exempt,
Hebron,2.73,2008,Non-Exempt,
Kent,3.55,2008,Non-Exempt,
Killingworth,0.39,2008,Non-Exempt,
Lebanon,2.59,2008,Non-Exempt,
Ledyard,3.37,2008,Non-Exempt,
Lisbon,2.5,2008,Non-Exempt,
Litchfield,5.13,2008,Non-Exempt,
Lyme,0.71,2008,Non-Exempt,
Madison,1.65,2008,Non-Exempt,
Marlborough,1.94,2008,Non-Exempt,
Middlebury,3.81,2008,Non-Exempt,
Middlefield,2.59,2008,Non-Exempt,
Milford,6.14,2008,Non-Exempt,
Monroe,0.74,2008,Non-Exempt,
Montville,3.92,2008,Non-Exempt,
Morris,1.78,2008,Non-Exempt,
Naugatuck,9.15,2008,Non-Exempt,
New Canaan,2.49,2008,Non-Exempt,
New Fairfield,0.66,2008,Non-Exempt,
New Hartford,3.38,2008,Non-Exempt,
New Milford,2.22,2008,Non-Exempt,
Newington,7.62,2008,Non-Exempt,
Newtown,1.98,2008,Non-Exempt,
Norfolk,1.49,2008,Non-Exempt,
North Branford,2.44,2008,Non-Exempt,
North Canaan,7.76,2008,Non-Exempt,
North Haven,4.87,2008,Non-Exempt,
North Stonington,0.49,2008,Non-Exempt,
Old Lyme,1.55,2008,Non-Exempt,
Old Saybrook,1.19,2008,Non-Exempt,
Orange,1.11,2008,Non-Exempt,
Oxford,1.37,2008,Non-Exempt,
Plainville,7.71,2008,Non-Exempt,
Plymouth,7.25,2008,Non-Exempt,
Pomfret,8.05,2008,Non-Exempt,
Portland,8.53,2008,Non-Exempt,
Preston,3.84,2008,Non-Exempt,
Prospect,0.65,2008,Non-Exempt,
Redding,0,2008,Non-Exempt,
Ridgefield,2.05,2008,Non-Exempt,
Rocky Hill,5.46,2008,Non-Exempt,
Roxbury,1.87,2008,Non-Exempt,
Salem,1.33,2008,Non-Exempt,
Salisbury,1.12,2008,Non-Exempt,
Scotland,1.56,2008,Non-Exempt,
Seymour,5.74,2008,Non-Exempt,
Sharon,1.55,2008,Non-Exempt,
Shelton,2.93,2008,Non-Exempt,
Sherman,0.06,2008,Non-Exempt,
Simsbury,3.51,2008,Non-Exempt,
Somers,2.36,2008,Non-Exempt,
South Windsor,7.07,2008,Non-Exempt,
Southbury,1.31,2008,Non-Exempt,
Southington,6.38,2008,Non-Exempt,
Sprague,6.19,2008,Non-Exempt,
Stafford,7.06,2008,Non-Exempt,
Sterling,2.26,2008,Non-Exempt,
Stonington,4.53,2008,Non-Exempt,
Stratford,5.45,2008,Non-Exempt,
Suffield,5.77,2008,Non-Exempt,
Thomaston,6.57,2008,Non-Exempt,
Thompson,5.61,2008,Non-Exempt,
Tolland,3.54,2008,Non-Exempt,
Trumbull,4.79,2008,Non-Exempt,
Union,2.41,2008,Non-Exempt,
Voluntown,4.12,2008,Non-Exempt,
Wallingford,5.63,2008,Non-Exempt,
Warren,0.46,2008,Non-Exempt,
Washington,2.15,2008,Non-Exempt,
Waterford,3.86,2008,Non-Exempt,
Watertown,4.34,2008,Non-Exempt,
West Hartford,7.1,2008,Non-Exempt,
Westbrook,5.14,2008,Non-Exempt,
Weston,0.03,2008,Non-Exempt,
Westport,2.18,2008,Non-Exempt,
Wethersfield,8.38,2008,Non-Exempt,
Willington,8.03,2008,Non-Exempt,
Wilton,2.67,2008,Non-Exempt,
Windsor,6.78,2008,Non-Exempt,
Windsor Locks,8.78,2008,Non-Exempt,
Wolcott,7.97,2008,Non-Exempt,
Woodbridge,1.22,2008,Non-Exempt,
Woodbury,2.07,2008,Non-Exempt,
Woodstock,1.97,2008,Non-Exempt,
Ansonia,14.74,2007,Exempt,
Bloomfield,11.45,2007,Exempt,
Bridgeport,17.42,2007,Exempt,
Bristol,13.45,2007,Exempt,
Brooklyn,10.08,2007,Exempt,
Danbury,10.27,2007,Exempt,
Derby,11.05,2007,Exempt,
East Hartford,14.94,2007,Exempt,
East Windsor,16.05,2007,Exempt,
Enfield,12.15,2007,Exempt,
Groton,21.45,2007,Exempt,
Hartford,34.64,2007,Exempt,
Killingly,11.35,2007,Exempt,
Manchester,15.15,2007,Exempt,
Mansfield,11.84,2007,Exempt,
Meriden,14.6,2007,Exempt,
Middletown,17.14,2007,Exempt,
New Britain,17.62,2007,Exempt,
New Haven,29.87,2007,Exempt,
New London,20.55,2007,Exempt,
Norwalk,11.01,2007,Exempt,
Norwich,19.58,2007,Exempt,
Plainfield,16.21,2007,Exempt,
Putnam,13.88,2007,Exempt,
Stamford,13.53,2007,Exempt,
Torrington,11.38,2007,Exempt,
Vernon,17.12,2007,Exempt,
Waterbury,20.9,2007,Exempt,
West Haven,12.21,2007,Exempt,
Winchester,12.47,2007,Exempt,
Windham,27.38,2007,Exempt,
Andover,3.76,2007,Non-Exempt,
Ashford,4.36,2007,Non-Exempt,
Avon,2.62,2007,Non-Exempt,
Barkhamsted,0.91,2007,Non-Exempt,
Beacon Falls,1.33,2007,Non-Exempt,
Berlin,6.82,2007,Non-Exempt,
Bethany,0.17,2007,Non-Exempt,
Bethel,4.72,2007,Non-Exempt,
Bethlehem,1.73,2007,Non-Exempt,
Bolton,0.81,2007,Non-Exempt,
Bozrah,2.62,2007,Non-Exempt,
Branford,3.17,2007,Non-Exempt,
Bridgewater,0.13,2007,Non-Exempt,
Brookfield,1.7,2007,Non-Exempt,
Burlington,1.59,2007,Non-Exempt,
Canaan,5.57,2007,Non-Exempt,
Canterbury,5.56,2007,Non-Exempt,
Canton,8.63,2007,Non-Exempt,
Chaplin,2.34,2007,Non-Exempt,
Cheshire,3.36,2007,Non-Exempt,
Chester,2.11,2007,Non-Exempt,
Clinton,2.08,2007,Non-Exempt,
Colchester,7.95,2007,Non-Exempt,
Colebrook,0.76,2007,Non-Exempt,
Columbia,3.27,2007,Non-Exempt,
Cornwall,2.06,2007,Non-Exempt,
Coventry,5.75,2007,Non-Exempt,
Cromwell,7.6,2007,Non-Exempt,
Darien,1.8,2007,Non-Exempt,
Deep River,2.3,2007,Non-Exempt,
Durham,1.7,2007,Non-Exempt,
East Granby,5.31,2007,Non-Exempt,
East Haddam,2.42,2007,Non-Exempt,
East Hampton,3.67,2007,Non-Exempt,
East Haven,6.78,2007,Non-Exempt,
East Lyme,5,2007,Non-Exempt,
Eastford,1.7,2007,Non-Exempt,
Easton,0.4,2007,Non-Exempt,
Ellington,6.29,2007,Non-Exempt,
Essex,1.41,2007,Non-Exempt,
Fairfield,2.52,2007,Non-Exempt,
Farmington,7.42,2007,Non-Exempt,
Franklin,1.83,2007,Non-Exempt,
Glastonbury,5.88,2007,Non-Exempt,
Goshen,0.4,2007,Non-Exempt,
Granby,3.14,2007,Non-Exempt,
Greenwich,5.08,2007,Non-Exempt,
Griswold,6.64,2007,Non-Exempt,
Guilford,1.94,2007,Non-Exempt,
Haddam,1.17,2007,Non-Exempt,
Hamden,8.08,2007,Non-Exempt,
Hampton,2.59,2007,Non-Exempt,
Hartland,0.53,2007,Non-Exempt,
Harwinton,1.93,2007,Non-Exempt,
Hebron,2.6,2007,Non-Exempt,
Kent,3.62,2007,Non-Exempt,
Killingworth,0.44,2007,Non-Exempt,
Lebanon,2.66,2007,Non-Exempt,
Ledyard,3.34,2007,Non-Exempt,
Lisbon,2.69,2007,Non-Exempt,
Litchfield,5.24,2007,Non-Exempt,
Lyme,0.61,2007,Non-Exempt,
Madison,1.58,2007,Non-Exempt,
Marlborough,1.99,2007,Non-Exempt,
Middlebury,3.77,2007,Non-Exempt,
Middlefield,2.47,2007,Non-Exempt,
Milford,6.4,2007,Non-Exempt,
Monroe,0.7,2007,Non-Exempt,
Montville,3.92,2007,Non-Exempt,
Morris,1.78,2007,Non-Exempt,
Naugatuck,8.08,2007,Non-Exempt,
New Canaan,2.49,2007,Non-Exempt,
New Fairfield,0.52,2007,Non-Exempt,
New Hartford,3.12,2007,Non-Exempt,
New Milford,2.24,2007,Non-Exempt,
Newington,6.53,2007,Non-Exempt,
Newtown,1.91,2007,Non-Exempt,
Norfolk,1.49,2007,Non-Exempt,
North Branford,2.25,2007,Non-Exempt,
North Canaan,7.83,2007,Non-Exempt,
North Haven,4.86,2007,Non-Exempt,
North Stonington,0.44,2007,Non-Exempt,
Old Lyme,1.55,2007,Non-Exempt,
Old Saybrook,1.19,2007,Non-Exempt,
Orange,1.11,2007,Non-Exempt,
Oxford,1.32,2007,Non-Exempt,
Plainville,7.64,2007,Non-Exempt,
Plymouth,7.1,2007,Non-Exempt,
Pomfret,7.98,2007,Non-Exempt,
Portland,8.7,2007,Non-Exempt,
Preston,3.68,2007,Non-Exempt,
Prospect,0.52,2007,Non-Exempt,
Redding,0,2007,Non-Exempt,
Ridgefield,1.78,2007,Non-Exempt,
Rocky Hill,5.36,2007,Non-Exempt,
Roxbury,1.87,2007,Non-Exempt,
Salem,1.21,2007,Non-Exempt,
Salisbury,0.79,2007,Non-Exempt,
Scotland,1.04,2007,Non-Exempt,
Seymour,5.62,2007,Non-Exempt,
Sharon,1.42,2007,Non-Exempt,
Shelton,3.13,2007,Non-Exempt,
Sherman,0.06,2007,Non-Exempt,
Simsbury,3.46,2007,Non-Exempt,
Somers,2.26,2007,Non-Exempt,
South Windsor,6.77,2007,Non-Exempt,
Southbury,1.3,2007,Non-Exempt,
Southington,6.22,2007,Non-Exempt,
Sprague,4.38,2007,Non-Exempt,
Stafford,7,2007,Non-Exempt,
Sterling,2.1,2007,Non-Exempt,
Stonington,4.28,2007,Non-Exempt,
Stratford,5.25,2007,Non-Exempt,
Suffield,5.73,2007,Non-Exempt,
Thomaston,6.4,2007,Non-Exempt,
Thompson,5.53,2007,Non-Exempt,
Tolland,3.26,2007,Non-Exempt,
Trumbull,4.65,2007,Non-Exempt,
Union,1.51,2007,Non-Exempt,
Voluntown,3.94,2007,Non-Exempt,
Wallingford,5.63,2007,Non-Exempt,
Warren,0.31,2007,Non-Exempt,
Washington,2.21,2007,Non-Exempt,
Waterford,3.71,2007,Non-Exempt,
Watertown,4.27,2007,Non-Exempt,
West Hartford,7.23,2007,Non-Exempt,
Westbrook,5.06,2007,Non-Exempt,
Weston,0.03,2007,Non-Exempt,
Westport,2.15,2007,Non-Exempt,
Wethersfield,8.15,2007,Non-Exempt,
Willington,7.9,2007,Non-Exempt,
Wilton,2.65,2007,Non-Exempt,
Windsor,6.39,2007,Non-Exempt,
Windsor Locks,8.55,2007,Non-Exempt,
Wolcott,8.06,2007,Non-Exempt,
Woodbridge,1.25,2007,Non-Exempt,
Woodbury,2.04,2007,Non-Exempt,
Woodstock,1.84,2007,Non-Exempt,
Ansonia,14.74,2006,Exempt,
Bloomfield,10.63,2006,Exempt,
Bridgeport,17.79,2006,Exempt,
Bristol,13.06,2006,Exempt,
Brooklyn,10.97,2006,Exempt,
Danbury,10.1,2006,Exempt,
Derby,11.05,2006,Exempt,
East Hartford,13.65,2006,Exempt,
East Windsor,15.59,2006,Exempt,
Enfield,12,2006,Exempt,
Groton,21.41,2006,Exempt,
Hartford,36.26,2006,Exempt,
Killingly,12.16,2006,Exempt,
Manchester,14.51,2006,Exempt,
Mansfield,11.62,2006,Exempt,
Meriden,14.5,2006,Exempt,
Middletown,16.77,2006,Exempt,
New Britain,16.89,2006,Exempt,
New Haven,29.02,2006,Exempt,
New London,20.8,2006,Exempt,
Norwalk,10.92,2006,Exempt,
Norwich,19.44,2006,Exempt,
Plainfield,14.27,2006,Exempt,
Putnam,13.75,2006,Exempt,
Stamford,11.85,2006,Exempt,
Torrington,10.97,2006,Exempt,
Vernon,17.88,2006,Exempt,
Waterbury,20.56,2006,Exempt,
West Haven,11.94,2006,Exempt,
Winchester,12.43,2006,Exempt,
Windham,27.49,2006,Exempt,
Andover,3.26,2006,Non-Exempt,
Ashford,4.41,2006,Non-Exempt,
Avon,2.56,2006,Non-Exempt,
Barkhamsted,0.84,2006,Non-Exempt,
Beacon Falls,1.19,2006,Non-Exempt,
Berlin,6.64,2006,Non-Exempt,
Bethany,0.17,2006,Non-Exempt,
Bethel,4.87,2006,Non-Exempt,
Bethlehem,1.73,2006,Non-Exempt,
Bolton,0.71,2006,Non-Exempt,
Bozrah,2.51,2006,Non-Exempt,
Branford,2.89,2006,Non-Exempt,
Bridgewater,0.13,2006,Non-Exempt,
Brookfield,1.47,2006,Non-Exempt,
Burlington,1.72,2006,Non-Exempt,
Canaan,1.48,2006,Non-Exempt,
Canterbury,5.96,2006,Non-Exempt,
Canton,8.41,2006,Non-Exempt,
Chaplin,2.34,2006,Non-Exempt,
Cheshire,3.58,2006,Non-Exempt,
Chester,2.11,2006,Non-Exempt,
Clinton,2.03,2006,Non-Exempt,
Colchester,7.8,2006,Non-Exempt,
Colebrook,0.61,2006,Non-Exempt,
Columbia,2.82,2006,Non-Exempt,
Cornwall,2.06,2006,Non-Exempt,
Coventry,5.57,2006,Non-Exempt,
Cromwell,7.34,2006,Non-Exempt,
Darien,1.83,2006,Non-Exempt,
Deep River,2.25,2006,Non-Exempt,
Durham,1.66,2006,Non-Exempt,
East Granby,5.47,2006,Non-Exempt,
East Haddam,2.42,2006,Non-Exempt,
East Hampton,3.22,2006,Non-Exempt,
East Haven,6.74,2006,Non-Exempt,
East Lyme,4.21,2006,Non-Exempt,
Eastford,1.56,2006,Non-Exempt,
Easton,0.44,2006,Non-Exempt,
Ellington,6.22,2006,Non-Exempt,
Essex,1.51,2006,Non-Exempt,
Fairfield,2.48,2006,Non-Exempt,
Farmington,7.09,2006,Non-Exempt,
Franklin,1.41,2006,Non-Exempt,
Glastonbury,5.64,2006,Non-Exempt,
Goshen,0.47,2006,Non-Exempt,
Granby,3.01,2006,Non-Exempt,
Greenwich,5.03,2006,Non-Exempt,
Griswold,6.29,2006,Non-Exempt,
Guilford,1.94,2006,Non-Exempt,
Haddam,1.06,2006,Non-Exempt,
Hamden,6.99,2006,Non-Exempt,
Hampton,2.45,2006,Non-Exempt,
Hartland,0.53,2006,Non-Exempt,
Harwinton,1.88,2006,Non-Exempt,
Hebron,2.7,2006,Non-Exempt,
Kent,1.91,2006,Non-Exempt,
Killingworth,0.39,2006,Non-Exempt,
Lebanon,2.66,2006,Non-Exempt,
Ledyard,3.28,2006,Non-Exempt,
Lisbon,2.5,2006,Non-Exempt,
Litchfield,5.13,2006,Non-Exempt,
Lyme,0.61,2006,Non-Exempt,
Madison,1.57,2006,Non-Exempt,
Marlborough,1.75,2006,Non-Exempt,
Middlebury,3.69,2006,Non-Exempt,
Middlefield,2.36,2006,Non-Exempt,
Milford,6.36,2006,Non-Exempt,
Monroe,0.62,2006,Non-Exempt,
Montville,3.89,2006,Non-Exempt,
Morris,1.78,2006,Non-Exempt,
Naugatuck,8.99,2006,Non-Exempt,
New Canaan,2.49,2006,Non-Exempt,
New Fairfield,0.52,2006,Non-Exempt,
New Hartford,2.53,2006,Non-Exempt,
New Milford,2.32,2006,Non-Exempt,
Newington,6.02,2006,Non-Exempt,
Newtown,1.91,2006,Non-Exempt,
Norfolk,1.61,2006,Non-Exempt,
North Branford,2.06,2006,Non-Exempt,
North Canaan,7.41,2006,Non-Exempt,
North Haven,4.95,2006,Non-Exempt,
North Stonington,0.58,2006,Non-Exempt,
Old Lyme,1.44,2006,Non-Exempt,
Old Saybrook,1.18,2006,Non-Exempt,
Orange,1.07,2006,Non-Exempt,
Oxford,1.2,2006,Non-Exempt,
Plainville,7.42,2006,Non-Exempt,
Plymouth,6.95,2006,Non-Exempt,
Pomfret,3.06,2006,Non-Exempt,
Portland,8.5,2006,Non-Exempt,
Preston,3.37,2006,Non-Exempt,
Prospect,0.48,2006,Non-Exempt,
Redding,0,2006,Non-Exempt,
Ridgefield,1.8,2006,Non-Exempt,
Rocky Hill,5.07,2006,Non-Exempt,
Roxbury,1.87,2006,Non-Exempt,
Salem,1.15,2006,Non-Exempt,
Salisbury,0.79,2006,Non-Exempt,
Scotland,1.56,2006,Non-Exempt,
Seymour,5.63,2006,Non-Exempt,
Sharon,1.48,2006,Non-Exempt,
Shelton,3.05,2006,Non-Exempt,
Sherman,0.06,2006,Non-Exempt,
Simsbury,2.45,2006,Non-Exempt,
Somers,2.12,2006,Non-Exempt,
South Windsor,5.59,2006,Non-Exempt,
Southbury,1.31,2006,Non-Exempt,
Southington,4.54,2006,Non-Exempt,
Sprague,4.3,2006,Non-Exempt,
Stafford,6.87,2006,Non-Exempt,
Sterling,2.85,2006,Non-Exempt,
Stonington,4.17,2006,Non-Exempt,
Stratford,4.82,2006,Non-Exempt,
Suffield,4.06,2006,Non-Exempt,
Thomaston,6.14,2006,Non-Exempt,
Thompson,5.82,2006,Non-Exempt,
Tolland,3.17,2006,Non-Exempt,
Trumbull,4.47,2006,Non-Exempt,
Union,1.2,2006,Non-Exempt,
Voluntown,4.22,2006,Non-Exempt,
Wallingford,5.76,2006,Non-Exempt,
Warren,0.15,2006,Non-Exempt,
Washington,2.21,2006,Non-Exempt,
Waterford,3.43,2006,Non-Exempt,
Watertown,4.09,2006,Non-Exempt,
West Hartford,6.42,2006,Non-Exempt,
Westbrook,5.06,2006,Non-Exempt,
Weston,0.03,2006,Non-Exempt,
Westport,2.16,2006,Non-Exempt,
Wethersfield,7.61,2006,Non-Exempt,
Willington,6.79,2006,Non-Exempt,
Wilton,2.65,2006,Non-Exempt,
Windsor,5.82,2006,Non-Exempt,
Windsor Locks,8.31,2006,Non-Exempt,
Wolcott,7.83,2006,Non-Exempt,
Woodbridge,1.25,2006,Non-Exempt,
Woodbury,2.07,2006,Non-Exempt,
Woodstock,1.94,2006,Non-Exempt,
Ansonia,20.06,2005,Exempt,
Bloomfield,12.42,2005,Exempt,
Bridgeport,12.01,2005,Exempt,
Bristol,16.6,2005,Exempt,
Brooklyn,17.95,2005,Exempt,
Danbury,10.06,2005,Exempt,
Derby,10.45,2005,Exempt,
East Hartford,14.31,2005,Exempt,
East Windsor,15.73,2005,Exempt,
Enfield,11.96,2005,Exempt,
Groton,21.4,2005,Exempt,
Hartford,36.88,2005,Exempt,
Killingly,12.35,2005,Exempt,
Manchester,14.73,2005,Exempt,
Mansfield,11.64,2005,Exempt,
Meriden,15.14,2005,Exempt,
Middletown,17.34,2005,Exempt,
New Britain,16.98,2005,Exempt,
New Haven,29.87,2005,Exempt,
New London,21.11,2005,Exempt,
Norwalk,11.45,2005,Exempt,
Norwich,19.61,2005,Exempt,
Plainfield,14.46,2005,Exempt,
Putnam,13.81,2005,Exempt,
Stamford,11.39,2005,Exempt,
Torrington,11.12,2005,Exempt,
Vernon,17.79,2005,Exempt,
Waterbury,20.36,2005,Exempt,
West Haven,12.02,2005,Exempt,
Winchester,12.37,2005,Exempt,
Windham,27.77,2005,Exempt,
Andover,4.01,2005,Non-Exempt,
Ashford,4.71,2005,Non-Exempt,
Avon,1.59,2005,Non-Exempt,
Barkhamsted,0.77,2005,Non-Exempt,
Beacon Falls,1.09,2005,Non-Exempt,
Berlin,3.91,2005,Non-Exempt,
Bethany,0.17,2005,Non-Exempt,
Bethel,6.33,2005,Non-Exempt,
Bethlehem,1.73,2005,Non-Exempt,
Bolton,0.66,2005,Non-Exempt,
Bozrah,2.51,2005,Non-Exempt,
Branford,3.54,2005,Non-Exempt,
Bridgewater,0.13,2005,Non-Exempt,
Brookfield,0.83,2005,Non-Exempt,
Burlington,1.79,2005,Non-Exempt,
Canaan,1.48,2005,Non-Exempt,
Canterbury,6.19,2005,Non-Exempt,
Canton,8.16,2005,Non-Exempt,
Chaplin,2.56,2005,Non-Exempt,
Cheshire,3.5,2005,Non-Exempt,
Chester,1.92,2005,Non-Exempt,
Clinton,2.01,2005,Non-Exempt,
Colchester,7.93,2005,Non-Exempt,
Colebrook,0.3,2005,Non-Exempt,
Columbia,2.87,2005,Non-Exempt,
Cornwall,2.18,2005,Non-Exempt,
Coventry,5.39,2005,Non-Exempt,
Cromwell,7.14,2005,Non-Exempt,
Darien,1.83,2005,Non-Exempt,
Deep River,1.94,2005,Non-Exempt,
Durham,1.79,2005,Non-Exempt,
East Granby,5.31,2005,Non-Exempt,
East Haddam,2.32,2005,Non-Exempt,
East Hampton,2.92,2005,Non-Exempt,
East Haven,6.5,2005,Non-Exempt,
East Lyme,4.13,2005,Non-Exempt,
Eastford,1.56,2005,Non-Exempt,
Easton,0.44,2005,Non-Exempt,
Ellington,6.13,2005,Non-Exempt,
Essex,1.58,2005,Non-Exempt,
Fairfield,2.58,2005,Non-Exempt,
Farmington,6.84,2005,Non-Exempt,
Franklin,1.27,2005,Non-Exempt,
Glastonbury,5.53,2005,Non-Exempt,
Goshen,0.47,2005,Non-Exempt,
Granby,2.86,2005,Non-Exempt,
Greenwich,4.57,2005,Non-Exempt,
Griswold,6.67,2005,Non-Exempt,
Guilford,1.88,2005,Non-Exempt,
Haddam,0.92,2005,Non-Exempt,
Hamden,6.91,2005,Non-Exempt,
Hampton,2.45,2005,Non-Exempt,
Hartland,0.53,2005,Non-Exempt,
Harwinton,1.88,2005,Non-Exempt,
Hebron,2.6,2005,Non-Exempt,
Kent,1.85,2005,Non-Exempt,
Killingworth,0.18,2005,Non-Exempt,
Lebanon,2.55,2005,Non-Exempt,
Ledyard,3.14,2005,Non-Exempt,
Lisbon,2.62,2005,Non-Exempt,
Litchfield,5.04,2005,Non-Exempt,
Lyme,0.61,2005,Non-Exempt,
Madison,1.53,2005,Non-Exempt,
Marlborough,1.7,2005,Non-Exempt,
Middlebury,3.49,2005,Non-Exempt,
Middlefield,2.36,2005,Non-Exempt,
Milford,6.27,2005,Non-Exempt,
Monroe,0.56,2005,Non-Exempt,
Montville,4.04,2005,Non-Exempt,
Morris,1.78,2005,Non-Exempt,
Naugatuck,8.97,2005,Non-Exempt,
New Canaan,2.48,2005,Non-Exempt,
New Fairfield,0.47,2005,Non-Exempt,
New Hartford,2.45,2005,Non-Exempt,
New Milford,2.4,2005,Non-Exempt,
Newington,5.69,2005,Non-Exempt,
Newtown,1.9,2005,Non-Exempt,
Norfolk,3.56,2005,Non-Exempt,
North Branford,2.08,2005,Non-Exempt,
North Canaan,7.55,2005,Non-Exempt,
North Haven,4.95,2005,Non-Exempt,
North Stonington,0.73,2005,Non-Exempt,
Old Lyme,1.53,2005,Non-Exempt,
Old Saybrook,1.19,2005,Non-Exempt,
Orange,1.05,2005,Non-Exempt,
Oxford,1.17,2005,Non-Exempt,
Plainville,7.21,2005,Non-Exempt,
Plymouth,6.93,2005,Non-Exempt,
Pomfret,3.13,2005,Non-Exempt,
Portland,8.48,2005,Non-Exempt,
Preston,3.37,2005,Non-Exempt,
Prospect,0.42,2005,Non-Exempt,
Redding,0,2005,Non-Exempt,
Ridgefield,1.79,2005,Non-Exempt,
Rocky Hill,4.81,2005,Non-Exempt,
Roxbury,1.77,2005,Non-Exempt,
Salem,0.97,2005,Non-Exempt,
Salisbury,0.79,2005,Non-Exempt,
Scotland,1.73,2005,Non-Exempt,
Seymour,5.66,2005,Non-Exempt,
Sharon,1.48,2005,Non-Exempt,
Shelton,3.07,2005,Non-Exempt,
Sherman,0.06,2005,Non-Exempt,
Simsbury,3.42,2005,Non-Exempt,
Somers,2.12,2005,Non-Exempt,
South Windsor,5.99,2005,Non-Exempt,
Southbury,1.23,2005,Non-Exempt,
Southington,5.88,2005,Non-Exempt,
Sprague,4.21,2005,Non-Exempt,
Stafford,6.87,2005,Non-Exempt,
Sterling,3.1,2005,Non-Exempt,
Stonington,4.26,2005,Non-Exempt,
Stratford,5.2,2005,Non-Exempt,
Suffield,3.79,2005,Non-Exempt,
Thomaston,6.37,2005,Non-Exempt,
Thompson,6.06,2005,Non-Exempt,
Tolland,3.19,2005,Non-Exempt,
Trumbull,3.78,2005,Non-Exempt,
Union,1.2,2005,Non-Exempt,
Voluntown,4.49,2005,Non-Exempt,
Wallingford,5.69,2005,Non-Exempt,
Warren,0.15,2005,Non-Exempt,
Washington,2.21,2005,Non-Exempt,
Waterford,3.31,2005,Non-Exempt,
Watertown,4.09,2005,Non-Exempt,
West Hartford,6.32,2005,Non-Exempt,
Westbrook,5.09,2005,Non-Exempt,
Weston,0,2005,Non-Exempt,
Westport,2.19,2005,Non-Exempt,
Wethersfield,7.46,2005,Non-Exempt,
Willington,6.75,2005,Non-Exempt,
Wilton,2.65,2005,Non-Exempt,
Windsor,5.83,2005,Non-Exempt,
Windsor Locks,8.21,2005,Non-Exempt,
Wolcott,7.7,2005,Non-Exempt,
Woodbridge,1.19,2005,Non-Exempt,
Woodbury,2.07,2005,Non-Exempt,
Woodstock,1.91,2005,Non-Exempt,
Ansonia,14.73,2004,Exempt,
Bloomfield,11.78,2004,Exempt,
Bridgeport,18.14,2004,Exempt,
Bristol,12.98,2004,Exempt,
Brooklyn,13.81,2004,Exempt,
Danbury,10.51,2004,Exempt,
East Hartford,14.25,2004,Exempt,
East Windsor,15.68,2004,Exempt,
Enfield,12.39,2004,Exempt,
Groton,21.95,2004,Exempt,
Hartford,36.32,2004,Exempt,
Killingly,11.23,2004,Exempt,
Manchester,14.35,2004,Exempt,
Mansfield,12.37,2004,Exempt,
Meriden,14.79,2004,Exempt,
Middletown,16.41,2004,Exempt,
New Britain,17.14,2004,Exempt,
New Haven,29.99,2004,Exempt,
New London,21.14,2004,Exempt,
Norwalk,11.77,2004,Exempt,
Norwich,18.75,2004,Exempt,
Plainfield,14.64,2004,Exempt,
Putnam,14.61,2004,Exempt,
Stamford,11.06,2004,Exempt,
Torrington,11.46,2004,Exempt,
Vernon,17.9,2004,Exempt,
Waterbury,20.71,2004,Exempt,
West Haven,12.46,2004,Exempt,
Winchester,10.42,2004,Exempt,
Windham,24.89,2004,Exempt,
Andover,3.17,2004,Non-Exempt,
Ashford,4.77,2004,Non-Exempt,
Avon,2.39,2004,Non-Exempt,
Barkhamsted,0.7,2004,Non-Exempt,
Beacon Falls,1.47,2004,Non-Exempt,
Berlin,3.72,2004,Non-Exempt,
Bethany,0.11,2004,Non-Exempt,
Bethel,4.82,2004,Non-Exempt,
Bethlehem,1.87,2004,Non-Exempt,
Bolton,0.86,2004,Non-Exempt,
Bozrah,2.73,2004,Non-Exempt,
Branford,2.83,2004,Non-Exempt,
Bridgewater,0,2004,Non-Exempt,
Brookfield,1.47,2004,Non-Exempt,
Burlington,1.72,2004,Non-Exempt,
Canaan,1.31,2004,Non-Exempt,
Canterbury,6.58,2004,Non-Exempt,
Canton,8.08,2004,Non-Exempt,
Chaplin,2.56,2004,Non-Exempt,
Cheshire,2.95,2004,Non-Exempt,
Chester,2.05,2004,Non-Exempt,
Clinton,2.08,2004,Non-Exempt,
Colchester,8.02,2004,Non-Exempt,
Colebrook,0.46,2004,Non-Exempt,
Columbia,2.82,2004,Non-Exempt,
Cornwall,2.18,2004,Non-Exempt,
Coventry,5.6,2004,Non-Exempt,
Cromwell,6.93,2004,Non-Exempt,
Darien,1.81,2004,Non-Exempt,
Deep River,2.2,2004,Non-Exempt,
Derby,8.42,2004,Non-Exempt,
Durham,1.75,2004,Non-Exempt,
East Granby,4.99,2004,Non-Exempt,
East Haddam,2.29,2004,Non-Exempt,
East Hampton,2.88,2004,Non-Exempt,
East Haven,6.63,2004,Non-Exempt,
East Lyme,3.83,2004,Non-Exempt,
Eastford,2.27,2004,Non-Exempt,
Easton,0.44,2004,Non-Exempt,
Ellington,6.29,2004,Non-Exempt,
Essex,1.38,2004,Non-Exempt,
Fairfield,2.54,2004,Non-Exempt,
Farmington,7.07,2004,Non-Exempt,
Franklin,0.84,2004,Non-Exempt,
Glastonbury,5.72,2004,Non-Exempt,
Goshen,0.54,2004,Non-Exempt,
Granby,2.78,2004,Non-Exempt,
Greenwich,4.54,2004,Non-Exempt,
Griswold,6.29,2004,Non-Exempt,
Guilford,1.83,2004,Non-Exempt,
Haddam,0.85,2004,Non-Exempt,
Hamden,7.06,2004,Non-Exempt,
Hampton,2.45,2004,Non-Exempt,
Hartland,0.4,2004,Non-Exempt,
Harwinton,1.53,2004,Non-Exempt,
Hebron,2.48,2004,Non-Exempt,
Kent,3.49,2004,Non-Exempt,
Killingworth,0.18,2004,Non-Exempt,
Lebanon,2.62,2004,Non-Exempt,
Ledyard,2.62,2004,Non-Exempt,
Lisbon,3.39,2004,Non-Exempt,
Litchfield,4.88,2004,Non-Exempt,
Lyme,0.61,2004,Non-Exempt,
Madison,1.53,2004,Non-Exempt,
Marlborough,1.65,2004,Non-Exempt,
Middlebury,3.41,2004,Non-Exempt,
Middlefield,2.18,2004,Non-Exempt,
Milford,6.29,2004,Non-Exempt,
Monroe,0.56,2004,Non-Exempt,
Montville,2.95,2004,Non-Exempt,
Morris,1.78,2004,Non-Exempt,
Naugatuck,8.61,2004,Non-Exempt,
New Canaan,2.46,2004,Non-Exempt,
New Fairfield,0.62,2004,Non-Exempt,
New Hartford,2.2,2004,Non-Exempt,
New Milford,2.55,2004,Non-Exempt,
Newington,5.8,2004,Non-Exempt,
Newtown,1.74,2004,Non-Exempt,
Norfolk,3.67,2004,Non-Exempt,
North Branford,1.87,2004,Non-Exempt,
North Canaan,7.41,2004,Non-Exempt,
North Haven,4.91,2004,Non-Exempt,
North Stonington,0.73,2004,Non-Exempt,
Old Lyme,1.58,2004,Non-Exempt,
Old Saybrook,1.23,2004,Non-Exempt,
Orange,1.05,2004,Non-Exempt,
Oxford,1.2,2004,Non-Exempt,
Plainville,7.32,2004,Non-Exempt,
Plymouth,5.68,2004,Non-Exempt,
Pomfret,3.06,2004,Non-Exempt,
Portland,6.72,2004,Non-Exempt,
Preston,3.21,2004,Non-Exempt,
Prospect,0.58,2004,Non-Exempt,
Redding,0.03,2004,Non-Exempt,
Ridgefield,1.84,2004,Non-Exempt,
Rocky Hill,4.66,2004,Non-Exempt,
Roxbury,1.77,2004,Non-Exempt,
Salem,0.85,2004,Non-Exempt,
Salisbury,0.79,2004,Non-Exempt,
Scotland,1.91,2004,Non-Exempt,
Seymour,5.57,2004,Non-Exempt,
Sharon,1.55,2004,Non-Exempt,
Shelton,3.03,2004,Non-Exempt,
Sherman,0.06,2004,Non-Exempt,
Simsbury,3.43,2004,Non-Exempt,
Somers,2.29,2004,Non-Exempt,
South Windsor,4.65,2004,Non-Exempt,
Southbury,1.23,2004,Non-Exempt,
Southington,5.66,2004,Non-Exempt,
Sprague,3.52,2004,Non-Exempt,
Stafford,5.83,2004,Non-Exempt,
Sterling,4.44,2004,Non-Exempt,
Stonington,3.96,2004,Non-Exempt,
Stratford,5.21,2004,Non-Exempt,
Suffield,3.67,2004,Non-Exempt,
Thomaston,6.57,2004,Non-Exempt,
Thompson,7.06,2004,Non-Exempt,
Tolland,3.22,2004,Non-Exempt,
Trumbull,3.12,2004,Non-Exempt,
Union,1.2,2004,Non-Exempt,
Voluntown,8.34,2004,Non-Exempt,
Wallingford,5.62,2004,Non-Exempt,
Warren,0.15,2004,Non-Exempt,
Washington,1.7,2004,Non-Exempt,
Waterford,3.53,2004,Non-Exempt,
Watertown,3.54,2004,Non-Exempt,
West Hartford,6.41,2004,Non-Exempt,
Westbrook,5.2,2004,Non-Exempt,
Weston,0.03,2004,Non-Exempt,
Westport,2.24,2004,Non-Exempt,
Wethersfield,7.03,2004,Non-Exempt,
Willington,6.63,2004,Non-Exempt,
Wilton,2.6,2004,Non-Exempt,
Windsor,6.14,2004,Non-Exempt,
Windsor Locks,8.35,2004,Non-Exempt,
Wolcott,7.59,2004,Non-Exempt,
Woodbridge,1.16,2004,Non-Exempt,
Woodbury,2.02,2004,Non-Exempt,
Woodstock,2.27,2004,Non-Exempt,
Ansonia,15.11,2003,Exempt,
Bloomfield,13.54,2003,Exempt,
Bridgeport,18.26,2003,Exempt,
Bristol,13.52,2003,Exempt,
Brooklyn,16.1,2003,Exempt,
Danbury,10.14,2003,Exempt,
East Hartford,15.08,2003,Exempt,
East Windsor,14.6,2003,Exempt,
Enfield,13.08,2003,Exempt,
Groton,22.27,2003,Exempt,
Hartford,37.61,2003,Exempt,
Killingly,13.74,2003,Exempt,
Manchester,14.11,2003,Exempt,
Meriden,16.97,2003,Exempt,
Middletown,19.24,2003,Exempt,
New Britain,18.88,2003,Exempt,
New Haven,31.02,2003,Exempt,
New London,20.23,2003,Exempt,
Norwalk,10.81,2003,Exempt,
Norwich,19.42,2003,Exempt,
Plainfield,16.84,2003,Exempt,
Putnam,15.4,2003,Exempt,
Stamford,11.78,2003,Exempt,
Torrington,11.97,2003,Exempt,
Vernon,18.64,2003,Exempt,
Waterbury,22.62,2003,Exempt,
West Haven,13.11,2003,Exempt,
Winchester,15.1,2003,Exempt,
Windham,27.78,2003,Exempt,
Andover,3.51,2003,Non-Exempt,
Ashford,5.36,2003,Non-Exempt,
Avon,1.64,2003,Non-Exempt,
Barkhamsted,0.91,2003,Non-Exempt,
Beacon Falls,1.38,2003,Non-Exempt,
Berlin,3.91,2003,Non-Exempt,
Bethany,0.17,2003,Non-Exempt,
Bethel,5.79,2003,Non-Exempt,
Bethlehem,1.87,2003,Non-Exempt,
Bolton,0.86,2003,Non-Exempt,
Bozrah,2.73,2003,Non-Exempt,
Branford,2.8,2003,Non-Exempt,
Bridgewater,0,2003,Non-Exempt,
Brookfield,1.61,2003,Non-Exempt,
Burlington,2.45,2003,Non-Exempt,
Canaan,1.97,2003,Non-Exempt,
Canterbury,7.6,2003,Non-Exempt,
Canton,5.37,2003,Non-Exempt,
Chaplin,3.46,2003,Non-Exempt,
Cheshire,2.69,2003,Non-Exempt,
Chester,1.98,2003,Non-Exempt,
Clinton,2.26,2003,Non-Exempt,
Colchester,8.26,2003,Non-Exempt,
Colebrook,0.3,2003,Non-Exempt,
Columbia,2.82,2003,Non-Exempt,
Cornwall,2.18,2003,Non-Exempt,
Coventry,5.53,2003,Non-Exempt,
Cromwell,6.95,2003,Non-Exempt,
Darien,1.75,2003,Non-Exempt,
Deep River,2.51,2003,Non-Exempt,
Derby,8.53,2003,Non-Exempt,
Durham,1.83,2003,Non-Exempt,
East Granby,4.94,2003,Non-Exempt,
East Haddam,1.52,2003,Non-Exempt,
East Hampton,2.95,2003,Non-Exempt,
East Haven,7.7,2003,Non-Exempt,
East Lyme,4.01,2003,Non-Exempt,
Eastford,2.41,2003,Non-Exempt,
Easton,0.44,2003,Non-Exempt,
Ellington,6.46,2003,Non-Exempt,
Essex,1.68,2003,Non-Exempt,
Fairfield,2.58,2003,Non-Exempt,
Farmington,7.13,2003,Non-Exempt,
Franklin,1.41,2003,Non-Exempt,
Glastonbury,5.68,2003,Non-Exempt,
Goshen,0.34,2003,Non-Exempt,
Granby,2.83,2003,Non-Exempt,
Greenwich,4.39,2003,Non-Exempt,
Griswold,7.95,2003,Non-Exempt,
Guilford,1.65,2003,Non-Exempt,
Haddam,1.03,2003,Non-Exempt,
Hamden,8.7,2003,Non-Exempt,
Hampton,2.73,2003,Non-Exempt,
Hartland,2.11,2003,Non-Exempt,
Harwinton,1.83,2003,Non-Exempt,
Hebron,1.8,2003,Non-Exempt,
Kent,2.6,2003,Non-Exempt,
Killingworth,0.09,2003,Non-Exempt,
Lebanon,2.98,2003,Non-Exempt,
Ledyard,3.46,2003,Non-Exempt,
Lisbon,4.54,2003,Non-Exempt,
Litchfield,5.26,2003,Non-Exempt,
Lyme,0.4,2003,Non-Exempt,
Madison,1.58,2003,Non-Exempt,
Mansfield,7.5,2003,Non-Exempt,
Marlborough,1.8,2003,Non-Exempt,
Middlebury,3.57,2003,Non-Exempt,
Middlefield,2.53,2003,Non-Exempt,
Milford,5.61,2003,Non-Exempt,
Monroe,0.59,2003,Non-Exempt,
Montville,4.48,2003,Non-Exempt,
Morris,1.78,2003,Non-Exempt,
Naugatuck,9.31,2003,Non-Exempt,
New Canaan,2.45,2003,Non-Exempt,
New Fairfield,0.87,2003,Non-Exempt,
New Hartford,2.32,2003,Non-Exempt,
New Milford,3.45,2003,Non-Exempt,
Newington,6.69,2003,Non-Exempt,
Newtown,1.88,2003,Non-Exempt,
Norfolk,3.67,2003,Non-Exempt,
North Branford,1.93,2003,Non-Exempt,
North Canaan,7.41,2003,Non-Exempt,
North Haven,3.42,2003,Non-Exempt,
North Stonington,0.83,2003,Non-Exempt,
Old Lyme,1.62,2003,Non-Exempt,
Old Saybrook,1.21,2003,Non-Exempt,
Orange,1.11,2003,Non-Exempt,
Oxford,1.2,2003,Non-Exempt,
Plainville,7.5,2003,Non-Exempt,
Plymouth,6.61,2003,Non-Exempt,
Pomfret,3.73,2003,Non-Exempt,
Portland,6.94,2003,Non-Exempt,
Preston,3.37,2003,Non-Exempt,
Prospect,0.74,2003,Non-Exempt,
Redding,0.03,2003,Non-Exempt,
Ridgefield,2.13,2003,Non-Exempt,
Rocky Hill,4.91,2003,Non-Exempt,
Roxbury,1.87,2003,Non-Exempt,
Salem,1.03,2003,Non-Exempt,
Salisbury,0.83,2003,Non-Exempt,
Scotland,2.95,2003,Non-Exempt,
Seymour,4.61,2003,Non-Exempt,
Sharon,1.48,2003,Non-Exempt,
Shelton,3.27,2003,Non-Exempt,
Sherman,0.19,2003,Non-Exempt,
Simsbury,3.36,2003,Non-Exempt,
Somers,2.52,2003,Non-Exempt,
South Windsor,3.63,2003,Non-Exempt,
Southbury,1.03,2003,Non-Exempt,
Southington,6.1,2003,Non-Exempt,
Sprague,4.98,2003,Non-Exempt,
Stafford,8.51,2003,Non-Exempt,
Sterling,6.29,2003,Non-Exempt,
Stonington,4.38,2003,Non-Exempt,
Stratford,5.33,2003,Non-Exempt,
Suffield,4.04,2003,Non-Exempt,
Thomaston,6.9,2003,Non-Exempt,
Thompson,6.39,2003,Non-Exempt,
Tolland,2.87,2003,Non-Exempt,
Trumbull,3.45,2003,Non-Exempt,
Union,1.51,2003,Non-Exempt,
Voluntown,8.89,2003,Non-Exempt,
Wallingford,5.43,2003,Non-Exempt,
Warren,0.15,2003,Non-Exempt,
Washington,1.76,2003,Non-Exempt,
Waterford,4.02,2003,Non-Exempt,
Watertown,4.43,2003,Non-Exempt,
West Hartford,6.71,2003,Non-Exempt,
Westbrook,5.17,2003,Non-Exempt,
Weston,0.03,2003,Non-Exempt,
Westport,2.01,2003,Non-Exempt,
Wethersfield,7.14,2003,Non-Exempt,
Willington,1.65,2003,Non-Exempt,
Wilton,2.55,2003,Non-Exempt,
Windsor,6.83,2003,Non-Exempt,
Windsor Locks,8.7,2003,Non-Exempt,
Wolcott,5.86,2003,Non-Exempt,
Woodbridge,1.16,2003,Non-Exempt,
Woodbury,2.04,2003,Non-Exempt,
Woodstock,2.96,2003,Non-Exempt,
Ansonia,15.88,2002,Exempt,
Bloomfield,15.29,2002,Exempt,
Bridgeport,20.51,2002,Exempt,
Bristol,15.42,2002,Exempt,
Brooklyn,13.37,2002,Exempt,
Colchester,11.71,2002,Exempt,
Danbury,12.24,2002,Exempt,
East Hartford,18.64,2002,Exempt,
East Windsor,15.47,2002,Exempt,
Enfield,13.94,2002,Exempt,
Groton,25.71,2002,Exempt,
Hartford,35.99,2002,Exempt,
Killingly,16.91,2002,Exempt,
Manchester,14.01,2002,Exempt,
Meriden,19.09,2002,Exempt,
Middletown,20.36,2002,Exempt,
Naugatuck,10.36,2002,Exempt,
New Britain,19.64,2002,Exempt,
New Haven,31.05,2002,Exempt,
New London,21.23,2002,Exempt,
Norwalk,12.23,2002,Exempt,
Norwich,20.77,2002,Exempt,
Plainfield,17.65,2002,Exempt,
Putnam,20.3,2002,Exempt,
Stamford,11.86,2002,Exempt,
Torrington,13.9,2002,Exempt,
Vernon,20.07,2002,Exempt,
Waterbury,22.44,2002,Exempt,
West Haven,14.08,2002,Exempt,
Winchester,16.36,2002,Exempt,
Windham,26.51,2002,Exempt,
Andover,4.59,2002,Non-Exempt,
Ashford,6.77,2002,Non-Exempt,
Avon,2.05,2002,Non-Exempt,
Barkhamsted,1.39,2002,Non-Exempt,
Beacon Falls,2.19,2002,Non-Exempt,
Berlin,2.92,2002,Non-Exempt,
Bethany,0.17,2002,Non-Exempt,
Bethel,6.48,2002,Non-Exempt,
Bethlehem,2.02,2002,Non-Exempt,
Bolton,1.63,2002,Non-Exempt,
Bozrah,3.49,2002,Non-Exempt,
Branford,3.98,2002,Non-Exempt,
Bridgewater,0.13,2002,Non-Exempt,
Brookfield,2.3,2002,Non-Exempt,
Burlington,2.1,2002,Non-Exempt,
Canaan,5.9,2002,Non-Exempt,
Canterbury,8.91,2002,Non-Exempt,
Canton,5.37,2002,Non-Exempt,
Chaplin,3.34,2002,Non-Exempt,
Cheshire,2.93,2002,Non-Exempt,
Chester,2.36,2002,Non-Exempt,
Clinton,2.71,2002,Non-Exempt,
Colebrook,0.61,2002,Non-Exempt,
Columbia,3.52,2002,Non-Exempt,
Cornwall,2.41,2002,Non-Exempt,
Coventry,6.82,2002,Non-Exempt,
Cromwell,7.6,2002,Non-Exempt,
Darien,1.28,2002,Non-Exempt,
Deep River,2.88,2002,Non-Exempt,
Derby,8.91,2002,Non-Exempt,
Durham,3.66,2002,Non-Exempt,
East Granby,5.41,2002,Non-Exempt,
East Haddam,1.92,2002,Non-Exempt,
East Hampton,3.81,2002,Non-Exempt,
East Haven,9.8,2002,Non-Exempt,
East Lyme,5.03,2002,Non-Exempt,
Eastford,3.26,2002,Non-Exempt,
Easton,0.56,2002,Non-Exempt,
Ellington,7.01,2002,Non-Exempt,
Essex,1.75,2002,Non-Exempt,
Fairfield,2.71,2002,Non-Exempt,
Farmington,7.36,2002,Non-Exempt,
Franklin,2.25,2002,Non-Exempt,
Glastonbury,6.62,2002,Non-Exempt,
Goshen,0.27,2002,Non-Exempt,
Granby,3.73,2002,Non-Exempt,
Greenwich,4.39,2002,Non-Exempt,
Griswold,9.21,2002,Non-Exempt,
Guilford,1.67,2002,Non-Exempt,
Haddam,1.28,2002,Non-Exempt,
Hamden,8.84,2002,Non-Exempt,
Hampton,2.73,2002,Non-Exempt,
Hartland,2.5,2002,Non-Exempt,
Harwinton,2.67,2002,Non-Exempt,
Hebron,2.6,2002,Non-Exempt,
Kent,2.73,2002,Non-Exempt,
Killingworth,0.18,2002,Non-Exempt,
Lebanon,3.97,2002,Non-Exempt,
Ledyard,5.11,2002,Non-Exempt,
Lisbon,5.76,2002,Non-Exempt,
Litchfield,5.29,2002,Non-Exempt,
Lyme,0.51,2002,Non-Exempt,
Madison,1.79,2002,Non-Exempt,
Mansfield,7.92,2002,Non-Exempt,
Marlborough,2.43,2002,Non-Exempt,
Middlebury,3.79,2002,Non-Exempt,
Middlefield,3.22,2002,Non-Exempt,
Milford,5.92,2002,Non-Exempt,
Monroe,0.77,2002,Non-Exempt,
Montville,6.16,2002,Non-Exempt,
Morris,2.2,2002,Non-Exempt,
New Canaan,1.82,2002,Non-Exempt,
New Fairfield,1.55,2002,Non-Exempt,
New Hartford,1.69,2002,Non-Exempt,
New Milford,4.19,2002,Non-Exempt,
Newington,7.97,2002,Non-Exempt,
Newtown,3.34,2002,Non-Exempt,
Norfolk,3.67,2002,Non-Exempt,
North Branford,2.36,2002,Non-Exempt,
North Canaan,5.89,2002,Non-Exempt,
North Haven,3.54,2002,Non-Exempt,
North Stonington,1.41,2002,Non-Exempt,
Old Lyme,1.71,2002,Non-Exempt,
Old Saybrook,1.66,2002,Non-Exempt,
Orange,1.13,2002,Non-Exempt,
Oxford,1.29,2002,Non-Exempt,
Plainville,9.25,2002,Non-Exempt,
Plymouth,8.98,2002,Non-Exempt,
Pomfret,3.99,2002,Non-Exempt,
Portland,7.62,2002,Non-Exempt,
Preston,4.26,2002,Non-Exempt,
Prospect,1.1,2002,Non-Exempt,
Redding,0,2002,Non-Exempt,
Ridgefield,2.17,2002,Non-Exempt,
Rocky Hill,5.27,2002,Non-Exempt,
Roxbury,1.87,2002,Non-Exempt,
Salem,1.51,2002,Non-Exempt,
Salisbury,0.95,2002,Non-Exempt,
Scotland,5.2,2002,Non-Exempt,
Seymour,6.23,2002,Non-Exempt,
Sharon,1.61,2002,Non-Exempt,
Shelton,3.3,2002,Non-Exempt,
Sherman,0.19,2002,Non-Exempt,
Simsbury,3.23,2002,Non-Exempt,
Somers,2.95,2002,Non-Exempt,
South Windsor,3.54,2002,Non-Exempt,
Southbury,1.14,2002,Non-Exempt,
Southington,7.95,2002,Non-Exempt,
Sprague,5.84,2002,Non-Exempt,
Stafford,9.7,2002,Non-Exempt,
Sterling,8.21,2002,Non-Exempt,
Stonington,5.21,2002,Non-Exempt,
Stratford,6.11,2002,Non-Exempt,
Suffield,4.12,2002,Non-Exempt,
Thomaston,7.13,2002,Non-Exempt,
Thompson,7.9,2002,Non-Exempt,
Tolland,4.35,2002,Non-Exempt,
Trumbull,2.7,2002,Non-Exempt,
Union,1.76,2002,Non-Exempt,
Voluntown,6.69,2002,Non-Exempt,
Wallingford,7.35,2002,Non-Exempt,
Warren,0.46,2002,Non-Exempt,
Washington,1.08,2002,Non-Exempt,
Waterford,5.23,2002,Non-Exempt,
Watertown,5.45,2002,Non-Exempt,
West Hartford,9.45,2002,Non-Exempt,
Westbrook,5.61,2002,Non-Exempt,
Weston,0.06,2002,Non-Exempt,
Westport,2.5,2002,Non-Exempt,
Wethersfield,7.96,2002,Non-Exempt,
Willington,2.59,2002,Non-Exempt,
Wilton,2.58,2002,Non-Exempt,
Windsor,6.88,2002,Non-Exempt,
Windsor Locks,9.94,2002,Non-Exempt,
Wolcott,7.34,2002,Non-Exempt,
Woodbridge,0.5,2002,Non-Exempt,
Woodbury,2.02,2002,Non-Exempt,
Woodstock,3.29,2002,Non-Exempt,
Ansonia,14.59,2010,Exempt,
Bloomfield,12.17,2010,Exempt,
Bridgeport,18.33,2010,Exempt,
Bristol,13.56,2010,Exempt,
Brooklyn,11.41,2010,Exempt,
Danbury,10.68,2010,Exempt,
Derby,11.19,2010,Exempt,
East Hartford,14.82,2010,Exempt,
East Windsor,16.39,2010,Exempt,
Enfield,12.25,2010,Exempt,
Groton,21.76,2010,Exempt,
Hartford,37.24,2010,Exempt,
Killingly,13.11,2010,Exempt,
Manchester,14.66,2010,Exempt,
Mansfield,11.97,2010,Exempt,
Meriden,15.33,2010,Exempt,
Middletown,21.79,2010,Exempt,
New Britain,17.6,2010,Exempt,
New Haven,29,2010,Exempt,
New London,21.4,2010,Exempt,
Norwalk,11.56,2010,Exempt,
Norwich,18.98,2010,Exempt,
Plainfield,14.99,2010,Exempt,
Putnam,13.86,2010,Exempt,
Stamford,14.34,2010,Exempt,
Torrington,12.53,2010,Exempt,
Vernon,17.46,2010,Exempt,
Waterbury,22.07,2010,Exempt,
West Haven,12.11,2010,Exempt,
Winchester,13.82,2010,Exempt,
Windham,28.99,2010,Exempt,
Andover,3.84,2010,Non-Exempt,
Ashford,4.06,2010,Non-Exempt,
Avon,2.52,2010,Non-Exempt,
Barkhamsted,1.04,2010,Non-Exempt,
Beacon Falls,1.57,2010,Non-Exempt,
Berlin,8.41,2010,Non-Exempt,
Bethany,0.11,2010,Non-Exempt,
Bethel,5.79,2010,Non-Exempt,
Bethlehem,1.73,2010,Non-Exempt,
Bolton,0.76,2010,Non-Exempt,
Bozrah,1.96,2010,Non-Exempt,
Branford,3.36,2010,Non-Exempt,
Bridgewater,0.26,2010,Non-Exempt,
Brookfield,1.85,2010,Non-Exempt,
Burlington,1.83,2010,Non-Exempt,
Canaan,1.64,2010,Non-Exempt,
Canterbury,5.96,2010,Non-Exempt,
Canton,8.68,2010,Non-Exempt,
Chaplin,2.9,2010,Non-Exempt,
Cheshire,3.48,2010,Non-Exempt,
Chester,2.11,2010,Non-Exempt,
Clinton,2.31,2010,Non-Exempt,
Colchester,8.76,2010,Non-Exempt,
Colebrook,0.91,2010,Non-Exempt,
Columbia,3.37,2010,Non-Exempt,
Cornwall,2.06,2010,Non-Exempt,
Coventry,5.48,2010,Non-Exempt,
Cromwell,8.01,2010,Non-Exempt,
Darien,2.53,2010,Non-Exempt,
Deep River,2.67,2010,Non-Exempt,
Durham,1.92,2010,Non-Exempt,
East Granby,5.57,2010,Non-Exempt,
East Haddam,2.52,2010,Non-Exempt,
East Hampton,3.88,2010,Non-Exempt,
East Haven,7.2,2010,Non-Exempt,
East Lyme,5.99,2010,Non-Exempt,
Eastford,2.27,2010,Non-Exempt,
Easton,0.44,2010,Non-Exempt,
Ellington,6.37,2010,Non-Exempt,
Essex,1.51,2010,Non-Exempt,
Fairfield,2.69,2010,Non-Exempt,
Farmington,8.59,2010,Non-Exempt,
Franklin,2.25,2010,Non-Exempt,
Glastonbury,5.99,2010,Non-Exempt,
Goshen,0.54,2010,Non-Exempt,
Granby,3.29,2010,Non-Exempt,
Greenwich,5.1,2010,Non-Exempt,
Griswold,7.51,2010,Non-Exempt,
Guilford,2.3,2010,Non-Exempt,
Haddam,1.38,2010,Non-Exempt,
Hamden,6.93,2010,Non-Exempt,
Hampton,2.45,2010,Non-Exempt,
Hartland,0.92,2010,Non-Exempt,
Harwinton,2.23,2010,Non-Exempt,
Hebron,2.89,2010,Non-Exempt,
Kent,3.62,2010,Non-Exempt,
Killingworth,0.44,2010,Non-Exempt,
Lebanon,2.73,2010,Non-Exempt,
Ledyard,3.72,2010,Non-Exempt,
Lisbon,2.43,2010,Non-Exempt,
Litchfield,5.07,2010,Non-Exempt,
Lyme,0.71,2010,Non-Exempt,
Madison,1.71,2010,Non-Exempt,
Marlborough,1.8,2010,Non-Exempt,
Middlebury,3.85,2010,Non-Exempt,
Middlefield,2.36,2010,Non-Exempt,
Milford,6.5,2010,Non-Exempt,
Monroe,0.85,2010,Non-Exempt,
Montville,4.32,2010,Non-Exempt,
Morris,1.69,2010,Non-Exempt,
Naugatuck,8.76,2010,Non-Exempt,
New Canaan,2.52,2010,Non-Exempt,
New Fairfield,0.7,2010,Non-Exempt,
New Hartford,2.79,2010,Non-Exempt,
New Milford,3.28,2010,Non-Exempt,
Newington,7.39,2010,Non-Exempt,
Newtown,1.99,2010,Non-Exempt,
Norfolk,3.56,2010,Non-Exempt,
North Branford,2.44,2010,Non-Exempt,
North Canaan,7.48,2010,Non-Exempt,
North Haven,5.12,2010,Non-Exempt,
North Stonington,0.88,2010,Non-Exempt,
Old Lyme,1.47,2010,Non-Exempt,
Old Saybrook,1.23,2010,Non-Exempt,
Orange,1.21,2010,Non-Exempt,
Oxford,1.4,2010,Non-Exempt,
Plainville,7.97,2010,Non-Exempt,
Plymouth,7.04,2010,Non-Exempt,
Pomfret,3.13,2010,Non-Exempt,
Portland,9.07,2010,Non-Exempt,
Preston,3.95,2010,Non-Exempt,
Prospect,0.9,2010,Non-Exempt,
Redding,0,2010,Non-Exempt,
Ridgefield,2.15,2010,Non-Exempt,
Rocky Hill,5.55,2010,Non-Exempt,
Roxbury,1.96,2010,Non-Exempt,
Salem,1.45,2010,Non-Exempt,
Salisbury,1.12,2010,Non-Exempt,
Scotland,1.56,2010,Non-Exempt,
Seymour,5.68,2010,Non-Exempt,
Sharon,1.55,2010,Non-Exempt,
Shelton,2.96,2010,Non-Exempt,
Sherman,0.12,2010,Non-Exempt,
Simsbury,3.62,2010,Non-Exempt,
Somers,2.56,2010,Non-Exempt,
South Windsor,7.97,2010,Non-Exempt,
Southbury,1.33,2010,Non-Exempt,
Southington,6.32,2010,Non-Exempt,
Sprague,4.98,2010,Non-Exempt,
Stafford,7.21,2010,Non-Exempt,
Sterling,2.01,2010,Non-Exempt,
Stonington,4.25,2010,Non-Exempt,
Stratford,5.7,2010,Non-Exempt,
Suffield,5.67,2010,Non-Exempt,
Thomaston,6.04,2010,Non-Exempt,
Thompson,5.63,2010,Non-Exempt,
Tolland,3.71,2010,Non-Exempt,
Trumbull,5.3,2010,Non-Exempt,
Union,1.81,2010,Non-Exempt,
Voluntown,4.12,2010,Non-Exempt,
Wallingford,5.61,2010,Non-Exempt,
Warren,0.46,2010,Non-Exempt,
Washington,2.1,2010,Non-Exempt,
Waterford,4.12,2010,Non-Exempt,
Watertown,4.45,2010,Non-Exempt,
West Hartford,7.3,2010,Non-Exempt,
Westbrook,5.26,2010,Non-Exempt,
Weston,0.03,2010,Non-Exempt,
Westport,2.31,2010,Non-Exempt,
Wethersfield,8.14,2010,Non-Exempt,
Willington,8.11,2010,Non-Exempt,
Wilton,2.7,2010,Non-Exempt,
Windsor,6.76,2010,Non-Exempt,
Windsor Locks,9.06,2010,Non-Exempt,
Wolcott,8.03,2010,Non-Exempt,
Woodbridge,1.29,2010,Non-Exempt,
Woodbury,2.07,2010,Non-Exempt,
Woodstock,2.17,2010,Non-Exempt,
Ansonia,13.72,2016,,Exempt
Bloomfield,10.82,2016,,Exempt
Bridgeport,19.82,2016,,Exempt
Bristol,13.66,2016,,Exempt
Brooklyn,10.7,2016,,Exempt
Danbury,10.52,2016,,Exempt
Derby,11.39,2016,,Exempt
East Hartford,15.66,2016,,Exempt
East Windsor,13.99,2016,,Exempt
Enfield,11.98,2016,,Exempt
Groton,22.39,2016,,Exempt
Hartford,38.28,2016,,Exempt
Killingly,12.24,2016,,Exempt
Manchester,13.85,2016,,Exempt
Mansfield,10.65,2016,,Exempt
Meriden,15.75,2016,,Exempt
Middletown,21.32,2016,,Exempt
New Britain,18.22,2016,,Exempt
New Haven,29.89,2016,,Exempt
New London,22.95,2016,,Exempt
Norwich,12.71,2016,,Exempt
Norwich,18.72,2016,,Exempt
Plainfield,13.44,2016,,Exempt
Putnam,13.07,2016,,Exempt
Stamford,16.02,2016,,Exempt
Torrington,10.8,2016,,Exempt
Vernon,15.69,2016,,Exempt
Waterbury,,2016,,Non-Exempt
West Haven,12.97,2016,,Exempt
Winchester,11.69,2016,,Exempt
Windham,28.96,2016,,Exempt
Andover,3.04,2016,,Non-Exempt
Ashford,3.52,2016,,Non-Exempt
Avon,3.83,2016,,Non-Exempt
Barkhamsted,1.26,2016,,Non-Exempt
Beacon Falls,1.47,2016,,Non-Exempt
Berlin,8.78,2016,,Non-Exempt
Bethel,0.49,2016,,Non-Exempt
Bethel,4.66,2016,,Non-Exempt
Bethlehem,1.78,2016,,Non-Exempt
Bolton,0.99,2016,,Non-Exempt
Bozrah,3.12,2016,,Non-Exempt
Branford,3.23,2016,,Non-Exempt
Bridgewater,0.45,2016,,Non-Exempt
Brookfield,3.9,2016,,Non-Exempt
Burlington,2.12,2016,,Non-Exempt
Canaan,7.19,2016,,Non-Exempt
Canterbury,6.8,2016,,Non-Exempt
Canton,7.01,2016,,Non-Exempt
Chaplin,3.34,2016,,Non-Exempt
Chester,3.5,2016,,Non-Exempt
Chester,2.08,2016,,Non-Exempt
Clinton,2.21,2016,,Non-Exempt
Colchester,8.48,2016,,Non-Exempt
Colebrook,1.11,2016,,Non-Exempt
Columbia,4.25,2016,,Non-Exempt
Cornwall,3.28,2016,,Non-Exempt
Coventry,4.88,2016,,Non-Exempt
Cromwell,6.33,2016,,Non-Exempt
Darien,3.41,2016,,Non-Exempt
Deep River,2.34,2016,,Non-Exempt
Durham,1.71,2016,,Non-Exempt
East Granby,5.11,2016,,Non-Exempt
East Haddam,2.2,2016,,Non-Exempt
East Hampton,3.21,2016,,Non-Exempt
East Haven,7.56,2016,,Non-Exempt
East Lyme,6.01,2016,,Non-Exempt
Easton,2.27,2016,,Non-Exempt
Easton,0.59,2016,,Non-Exempt
Ellington,5.43,2016,,Non-Exempt
Essex,1.5,2016,,Non-Exempt
Fairfield,2.22,2016,,Non-Exempt
Farmington,7.36,2016,,Non-Exempt
Franklin,6.36,2016,,Non-Exempt
Glastonbury,5.32,2016,,Non-Exempt
Goshen,0.42,2016,,Non-Exempt
Granby,3.03,2016,,Non-Exempt
Greenwich,4.91,2016,,Non-Exempt
Griswold,7.42,2016,,Non-Exempt
Guilford,2.34,2016,,Non-Exempt
Haddam,1.48,2016,,Non-Exempt
Hamden,7.99,2016,,Non-Exempt
Hampton,3.53,2016,,Non-Exempt
Hartland,0.58,2016,,Non-Exempt
Harwinton,2.41,2016,,Non-Exempt
Hebron,2.64,2016,,Non-Exempt
Kent,3.72,2016,,Non-Exempt
Killingworth,0.89,2016,,Non-Exempt
Lebanon,3.33,2016,,Non-Exempt
Led,3.77,2016,,Non-Exempt
Lisbon,2.95,2016,,Non-Exempt
Litchfield,4.73,2016,,Non-Exempt
Lyme,0.82,2016,,Non-Exempt
Madison,1.62,2016,,Non-Exempt
Marlborough,2.01,2016,,Non-Exempt
Middlebury,3.94,2016,,Non-Exempt
Middlefield,2.47,2016,,Non-Exempt
Milford,5.25,2016,,Non-Exempt
Monroe,1,2016,,Non-Exempt
Montville,4.71,2016,,Non-Exempt
Morris,1.9,2016,,Non-Exempt
Naugatuck,8.04,2016,,Non-Exempt
New Canaan,2.66,2016,,Non-Exempt
New Fairfield,1.29,2016,,Non-Exempt
New Hartford,2.74,2016,,Non-Exempt
New Milford,3.72,2016,,Non-Exempt
Newington,8.13,2016,,Non-Exempt
Newtown,2.17,2016,,Non-Exempt
Norfolk,3.72,2016,,Non-Exempt
North Branford,2.24,2016,,Non-Exempt
North Canaan,9.2,2016,,Non-Exempt
North Haven,4.92,2016,,Non-Exempt
North Stonington,1.47,2016,,Non-Exempt
Old Lyme,1.45,2016,,Non-Exempt
Old Saybrook,1.64,2016,,Non-Exempt
Orange,1.33,2016,,Non-Exempt
Oxford,1.43,2016,,Non-Exempt
Plainville,6.5,2016,,Non-Exempt
Plymouth,7.36,2016,,Non-Exempt
Pomfret,2.85,2016,,Non-Exempt
Portland,8.22,2016,,Non-Exempt
Preston,4.21,2016,,Non-Exempt
Prospect,1.3,2016,,Non-Exempt
Redding,0.24,2016,,Non-Exempt
Ridgefield,2.86,2016,,Non-Exempt
Rocky Hill,,2016,,Non-Exempt
Roxbury,1.89,2016,,Non-Exempt
Salem,1.71,2016,,Non-Exempt
Salisbury,1.2,2016,,Non-Exempt
Scotland,2.5,2016,,Non-Exempt
Seymour,5.48,2016,,Non-Exempt
Sharon,2.08,2016,,Non-Exempt
Shelton,2.91,2016,,Non-Exempt
Sherman,0.44,2016,,Non-Exempt
Simsbury,4.48,2016,,Non-Exempt
Somers,5.26,2016,,Non-Exempt
South Windsor,6.46,2016,,Non-Exempt
Southbury,1.37,2016,,Non-Exempt
Southington,4.98,2016,,Non-Exempt
Sprague,5.61,2016,,Non-Exempt
Stafford,7.9,2016,,Non-Exempt
Sterling,2.65,2016,,Non-Exempt
Stonington,4.84,2016,,Non-Exempt
Stratford,5.97,2016,,Non-Exempt
Suffield,5.05,2016,,Non-Exempt
Thomaston,5.68,2016,,Non-Exempt
Thompson,5.9,2016,,Non-Exempt
Tolland,2.95,2016,,Non-Exempt
Trumbull,4.55,2016,,Non-Exempt
Union,1.03,2016,,Non-Exempt
Voluntown,4.35,2016,,Non-Exempt
Wallingford,4,2016,,Non-Exempt
Warren,0.12,2016,,Non-Exempt
Washington,2.45,2016,,Non-Exempt
Waterford,4.19,2016,,Non-Exempt
Watertown,4.25,2016,,Non-Exempt
West Hartford,7.3,2016,,Non-Exempt
Westbrook,4.95,2016,,Non-Exempt
Weston,0.08,2016,,Non-Exempt
Westport,3.12,2016,,Non-Exempt
Wethersfield,8.09,2016,,Non-Exempt
Willington,7.47,2016,,Non-Exempt
Wilton,3.98,2016,,Non-Exempt
Windsor Locks,6.54,2016,,Non-Exempt
Windsor Locks,8.47,2016,,Non-Exempt
Wolcott,7.06,2016,,Non-Exempt
Woodbridge,1.18,2016,,Non-Exempt
Woodbury,1.84,2016,,Non-Exempt
Woodstock,2.07,2016,,Non-Exempt
Beacon Falls,1.24,2011,Non-Exempt,
Old Lyme,1.37,2011,Non-Exempt,
Old Saybrook,1.27,2011,Non-Exempt,
